user_input,retrieved_contexts,response,reference,faithfulness,answer_relevancy,answer_correctness,context_precision
"Return your final response within \boxed{}. Given the function \( y = f(x) \) which has an inverse function \( y = f^{-1}(x) \), what is the equation of the curve obtained after rotating the graph of \( y = f(x) \) counterclockwise by \( 90^{\circ} \) around the point \( (1, -1) \)?

(A) \( y = f^{-1}(-x) - 2 \)  
(B) \( y = -f^{-1}(-x) - 2 \)  
(C) \( y = f^{-1}(-x + 1) - 1 \)  
(D) \( y = f^{-1}(-x - 1) + 1 \)","[""['**Solution:**\\nTo determine the equation of the curve after rotating \\\\( y = f(x) \\\\) 90° counterclockwise around \\\\( (1, -1) \\\\):\\n\\n1. **Translate the point \\\\( (t, f(t)) \\\\) to the origin-centered system**:\\n   \\\\[\\n   (t - 1, f(t) + 1)\\n   \\\\]\\n2. **Apply 90° counterclockwise rotation** (transforms \\\\( (a, b) \\\\to (-b, a) \\\\)):\\n   \\\\[\\n   (- (f(t) + 1), t - 1)\\n   \\\\]\\n3. **Translate back to the original coordinate system**:\\n   \\\\[\\n   (-f(t) - 1 + 1, t - 1 - 1) = (-f(t), t - 2)\\n   \\\\]\\n4. **Relabel the rotated coordinates as \\\\( (x, y) \\\\)**:\\n   \\\\[\\n   x = -f(t) \\\\quad \\\\Rightarrow \\\\quad t = f^{-1}(-x)\\n   \\\\]\\n   Substitute \\\\( t \\\\) into \\\\( y = t - 2 \\\\):\\n   \\\\[\\n   y = f^{-1}(-x) - 2\\n   \\\\]\\n\\nThus, the transformed equation is \\\\( y = f^{-1}(-x) - 2 \\\\), making the correct answer \\\\(\\\\boxed{\\\\text{A}}\\\\).\\n']""]","**Analysis:** The goal is to find the equation of a curve obtained after rotating the graph of $y=f(x)$ counterclockwise by $90^{\circ}$ around point $(1,−1)$.
        
        **Approach:**
        - Rotate the function about its center (i.e., translate it so that origin becomes new center).
            - Translate x-coordinate to be 0 and y-coordinate to be −2. 
                - This is done by subtracting $x$ from each point in the graph of $y=f(x)$.
                    - The equation will become: $$f(-x-1)$$
        - Rotate it counterclockwise about origin (i.e., rotate around $(0, 0)$).
            - Apply rotation formula:
                - If a function is rotated by $\theta$ degrees in the counter-clockwise direction then its new coordinates are given as follows: $$\begin{bmatrix}x'\\y'\end{bmatrix}= \begin{bmatrix}\cos(\theta)&-\sin(\theta)\\\sin(\theta)&\cos(\theta)\end{bmatrix}. \begin{bmatrix} x \\ y \end{bmatrix}$$
                - In our case, $\theta = 90^{\circ}$.
                    - The equation will become: $$y'=-x'+f(-x'-1)$$
        **Summary:** Thus the transformed function is $y=f^{-1}(−x+2)$ which makes option C correct.","**Solution:**
To determine the equation of the curve after rotating \( y = f(x) \) 90° counterclockwise around \( (1, -1) \):

1. **Translate the point \( (t, f(t)) \) to the origin-centered system**:
   \[
   (t - 1, f(t) + 1)
   \]
2. **Apply 90° counterclockwise rotation** (transforms \( (a, b) \to (-b, a) \)):
   \[
   (- (f(t) + 1), t - 1)
   \]
3. **Translate back to the original coordinate system**:
   \[
   (-f(t) - 1 + 1, t - 1 - 1) = (-f(t), t - 2)
   \]
4. **Relabel the rotated coordinates as \( (x, y) \)**:
   \[
   x = -f(t) \quad \Rightarrow \quad t = f^{-1}(-x)
   \]
   Substitute \( t \) into \( y = t - 2 \):
   \[
   y = f^{-1}(-x) - 2
   \]

Thus, the transformed equation is \( y = f^{-1}(-x) - 2 \), making the correct answer \(\boxed{\text{A}}\).
",0.38461538461538464,0.8886151083810818,0.39939771951490055,0.9999999999
"Return your final response within \boxed{}. Prove that if \(a, b, c, d, x, y, u, v\) are real numbers and \(abcd > 0\), then

$$
(a x + b u)(a v + b y)(c x + d v)(c u + d y) \geq (a c u v x + b c u x y + a d v x y + b d u v y)(a c x + b c u + a d v + b d y)
$$","[""['**Solution:**\\n\\nTo prove the inequality:\\n\\\\[\\n(a x + b u)(a v + b y)(c x + d v)(c u + d y) \\\\geq (a c u v x + b c u x y + a d v x y + b d u v y)(a c x + b c u + a d v + b d y),\\n\\\\]\\ngiven \\\\(a, b, c, d, x, y, u, v \\\\in \\\\mathbb{R}\\\\) and \\\\(abcd > 0\\\\), follow these steps:\\n\\n1. **Expand the Left Hand Side (LHS):**\\n   - Compute \\\\((ax + bu)(av + by) = a^2xv + abxy + abuv + b^2uy\\\\).\\n   - Compute \\\\((cx + dv)(cu + dy) = c^2xu + cdxy + cd uv + d^2vy\\\\).\\n   - Multiply these results to get 16 terms. Key terms include \\\\(a^2c^2x^2vu\\\\), \\\\(ab cd x^2y^2\\\\), and \\\\(b^2d^2u y^2v\\\\).\\n\\n2. **Expand the Right Hand Side (RHS):**\\n   - Multiply \\\\(S = acuvx + bcuxy + advxy + bduv y\\\\) and \\\\(T = acx + bcu + adv + bdy\\\\).\\n   - Expansion yields terms like \\\\(a^2c^2u v x^2\\\\), \\\\(ab cd u v x y\\\\), and \\\\(b^2d^2u v y^2\\\\).\\n\\n3. **Subtract RHS from LHS:**\\n   - Most terms cancel out (e.g., \\\\(a^2c^2x^2vu\\\\) cancels with \\\\(a^2c^2u v x^2\\\\)).\\n   - The remaining terms simplify to:\\n     \\\\[\\n     LHS - RHS = abcd(xy - uv)^2.\\n     \\\\]\\n\\n4. **Non-negativity Check:**\\n   - Since \\\\(abcd > 0\\\\) and \\\\((xy - uv)^2 \\\\geq 0\\\\), it follows that:\\n     \\\\[\\n     abcd(xy - uv)^2 \\\\geq 0.\\n     \\\\]\\n   - Thus, \\\\(LHS \\\\geq RHS\\\\), proving the inequality.\\n\\n\\\\[\\n\\\\boxed{\\\\text{The inequality holds as required.}}\\n\\\\]\\n']""]","The problem is moderately complex. I will break it down into key points and challenges, then evaluate preliminary solutions before refining them.
        
        **Analysis:**
            - Key Points:
                * \(abcd > 0\), so we can assume that all variables are positive
                * We want to prove an inequality involving products of four terms with two pairs sharing a common factor
            
            - Challenges:
                * The expression on the left is more complex than the one on the right, making it harder to compare them directly.
            
        **Initial Approach:**
            - One approach could be to expand both sides and simplify as much as possible. However, this may not lead us closer to a solution due to the complexity of the expanded expressions.

        **Reflection:** 
            - The initial expansion did not provide any insights into how we can prove the inequality.
        
        **Improvement:**
            - Instead, let's try applying some transformations that might simplify things. For example:
                * We could factor out common factors from each term on both sides
                * Or apply algebraic identities like \((a + b)(c + d) = ac + ad + bc + bd\)
        
        **Summary:**
            - By factoring and applying the identity, we can simplify the expression to:
            
$$
(a x + b u)^2(c v + d y)^2 \geq (acuvxy+bdvuy)(a c x+b c u+a d v+b d y)
$$","**Solution:**

To prove the inequality:
\[
(a x + b u)(a v + b y)(c x + d v)(c u + d y) \geq (a c u v x + b c u x y + a d v x y + b d u v y)(a c x + b c u + a d v + b d y),
\]
given \(a, b, c, d, x, y, u, v \in \mathbb{R}\) and \(abcd > 0\), follow these steps:

1. **Expand the Left Hand Side (LHS):**
   - Compute \((ax + bu)(av + by) = a^2xv + abxy + abuv + b^2uy\).
   - Compute \((cx + dv)(cu + dy) = c^2xu + cdxy + cd uv + d^2vy\).
   - Multiply these results to get 16 terms. Key terms include \(a^2c^2x^2vu\), \(ab cd x^2y^2\), and \(b^2d^2u y^2v\).

2. **Expand the Right Hand Side (RHS):**
   - Multiply \(S = acuvx + bcuxy + advxy + bduv y\) and \(T = acx + bcu + adv + bdy\).
   - Expansion yields terms like \(a^2c^2u v x^2\), \(ab cd u v x y\), and \(b^2d^2u v y^2\).

3. **Subtract RHS from LHS:**
   - Most terms cancel out (e.g., \(a^2c^2x^2vu\) cancels with \(a^2c^2u v x^2\)).
   - The remaining terms simplify to:
     \[
     LHS - RHS = abcd(xy - uv)^2.
     \]

4. **Non-negativity Check:**
   - Since \(abcd > 0\) and \((xy - uv)^2 \geq 0\), it follows that:
     \[
     abcd(xy - uv)^2 \geq 0.
     \]
   - Thus, \(LHS \geq RHS\), proving the inequality.

\[
\boxed{\text{The inequality holds as required.}}
\]
",0.6428571428571429,0.0,0.6042797062430343,0.9999999999
"Return your final response within \boxed{}. If $\log_2 x^2 + \log_{1/2} x = 5,$ compute $x.$","[""['**Solution:**\\nGiven the equation \\\\(\\\\log_2 x^2 + \\\\log_{1/2} x = 5\\\\):\\n\\n1. Simplify \\\\(\\\\log_2 x^2\\\\) using the power rule:\\n   \\\\(\\\\log_2 x^2 = 2 \\\\log_2 x\\\\).\\n\\n2. Convert \\\\(\\\\log_{1/2} x\\\\) to base 2:\\n   \\\\(\\\\log_{1/2} x = \\\\frac{\\\\log_2 x}{\\\\log_2 (1/2)} = \\\\frac{\\\\log_2 x}{-1} = -\\\\log_2 x\\\\).\\n\\n3. Substitute into the original equation:\\n   \\\\(2 \\\\log_2 x - \\\\log_2 x = 5 \\\\implies \\\\log_2 x = 5\\\\).\\n\\n4. Solve for \\\\(x\\\\):\\n   \\\\(x = 2^5 = 32\\\\).\\n\\n5. Verify:\\n   - \\\\(\\\\log_2 32^2 = \\\\log_2 1024 = 10\\\\).\\n   - \\\\(\\\\log_{1/2} 32 = -\\\\log_2 32 = -5\\\\).\\n   - Sum: \\\\(10 + (-5) = 5\\\\), confirming validity.\\n\\nThus, the solution is \\\\(\\\\boxed{32}\\\\).\\n']""]","Analysis: The problem is moderately complex. It involves a combination of logarithms and exponents, which requires careful manipulation to simplify.
        
        Initial Approach:
            - Use the change-of-base formula for logs to rewrite $\log_2 x^2 + \log_{1/2} x$ as $ln(x^2) / ln(2) + (lnx)/(-ln(0.5))$
            
            Reflection: This simplifies it, but we still have a sum of two terms with different bases.
        
        Improvement:
            - Use the fact that $\log_a b = \frac{1}{\log_b a}$ to rewrite $-ln(x)$ as $(x)^{-1}$. Then use this in our previous expression: 
                $$ ln(x^2) / ln(2) + (ln x)/(-ln 0.5)$$
            - Simplify the first term by using $\frac{a}{b} = a \cdot b^{-1}$:
            
        Summary: The final simplified equation is $x^{3/4}=8$. Thus, taking the fourth root of both sides gives us our answer as x=2.","**Solution:**
Given the equation \(\log_2 x^2 + \log_{1/2} x = 5\):

1. Simplify \(\log_2 x^2\) using the power rule:
   \(\log_2 x^2 = 2 \log_2 x\).

2. Convert \(\log_{1/2} x\) to base 2:
   \(\log_{1/2} x = \frac{\log_2 x}{\log_2 (1/2)} = \frac{\log_2 x}{-1} = -\log_2 x\).

3. Substitute into the original equation:
   \(2 \log_2 x - \log_2 x = 5 \implies \log_2 x = 5\).

4. Solve for \(x\):
   \(x = 2^5 = 32\).

5. Verify:
   - \(\log_2 32^2 = \log_2 1024 = 10\).
   - \(\log_{1/2} 32 = -\log_2 32 = -5\).
   - Sum: \(10 + (-5) = 5\), confirming validity.

Thus, the solution is \(\boxed{32}\).
",0.25,0.7858485994966888,0.361834004367291,0.9999999999
"Return your final response within \boxed{}. A recipe requires 25 mL of butter to be used along with 125 mL of sugar. If 1000 mL of sugar is used, how much butter would be required?
(A) 100 mL
(B) 500 mL
(C) 200 mL
(D) 3 litres
(E) 400 mL","[""['**Solution:**\\n1. The original ratio of butter to sugar is:\\n   \\\\[\\n   \\\\frac{25\\\\ \\\\mathrm{mL\\\\ butter}}{125\\\\ \\\\mathrm{mL\\\\ sugar}} = \\\\frac{1}{5}\\n   \\\\]\\n   This simplifies to **1 part butter for every 5 parts sugar**.\\n\\n2. For 1000 mL of sugar, calculate the scaling factor:\\n   \\\\[\\n   \\\\frac{1000\\\\ \\\\mathrm{mL\\\\ sugar}}{125\\\\ \\\\mathrm{mL\\\\ sugar}} = 8\\n   \\\\]\\n   This means the sugar quantity is **8 times** the original amount.\\n\\n3. Scale the butter proportionally:\\n   \\\\[\\n   25\\\\ \\\\mathrm{mL\\\\ butter} \\\\times 8 = 200\\\\ \\\\mathrm{mL\\\\ butter}\\n   \\\\]\\n\\n**Final Answer:**\\n\\\\boxed{C} (200 mL)\\n']""]","**Analysis:** The problem requires us to find the amount of butter needed when a certain quantity of sugar is used. We can use dimensional analysis and ratios.
        
        **Approach:**
            - Convert all units into milliliters (mL).
            - Use ratio 25 mL : 125 mL = x : 1000 mL
            - Solve for the unknown amount, which will be in milliliters.","**Solution:**
1. The original ratio of butter to sugar is:
   \[
   \frac{25\ \mathrm{mL\ butter}}{125\ \mathrm{mL\ sugar}} = \frac{1}{5}
   \]
   This simplifies to **1 part butter for every 5 parts sugar**.

2. For 1000 mL of sugar, calculate the scaling factor:
   \[
   \frac{1000\ \mathrm{mL\ sugar}}{125\ \mathrm{mL\ sugar}} = 8
   \]
   This means the sugar quantity is **8 times** the original amount.

3. Scale the butter proportionally:
   \[
   25\ \mathrm{mL\ butter} \times 8 = 200\ \mathrm{mL\ butter}
   \]

**Final Answer:**
\boxed{C} (200 mL)
",0.8333333333333334,0.8460446608151498,0.548842073309822,0.9999999999
"Return your final response within \boxed{}. Given that \( x \), \( y \), and \( z \) are positive integers and the fraction \(\frac{151}{44}\) can be written in the form of \( 3 + \frac{1}{x + \frac{1}{y + \frac{1}{z}}} \), find the value of \( x + y + z \).","[""['**Solution:**\\n\\n1. **Separate the integer part:**\\n   \\\\[\\n   \\\\frac{151}{44} = 3 + \\\\frac{19}{44}\\n   \\\\]\\n   (since \\\\(44 \\\\times 3 = 132\\\\), remainder \\\\(19\\\\)).\\n\\n2. **Express \\\\(\\\\frac{19}{44}\\\\) as a reciprocal:**\\n   \\\\[\\n   \\\\frac{19}{44} = \\\\frac{1}{\\\\frac{44}{19}} = \\\\frac{1}{2 + \\\\frac{6}{19}}\\n   \\\\]\\n   (since \\\\(44 = 19 \\\\times 2 + 6\\\\)).\\n\\n3. **Break down \\\\(\\\\frac{6}{19}\\\\):**\\n   \\\\[\\n   \\\\frac{6}{19} = \\\\frac{1}{\\\\frac{19}{6}} = \\\\frac{1}{3 + \\\\frac{1}{6}}\\n   \\\\]\\n   (since \\\\(19 = 6 \\\\times 3 + 1\\\\)).\\n\\n4. **Combine the results:**\\n   \\\\[\\n   \\\\frac{151}{44} = 3 + \\\\frac{1}{2 + \\\\frac{1}{3 + \\\\frac{1}{6}}}\\n   \\\\]\\n   Thus, \\\\(x = 2\\\\), \\\\(y = 3\\\\), \\\\(z = 6\\\\).\\n\\n5. **Calculate \\\\(x + y + z\\\\):**\\n   \\\\[\\n   x + y + z = 2 + 3 + 6 = \\\\boxed{11}\\n   \\\\]\\n']""]","The problem is moderately complex. I will break it down into three steps:
        
        1) Analyze: 
            - Key points and challenges
                * We are given that $x$, $y$ and $z$ are positive integers.
                * We need to find the value of $x + y + z$
            
            - Initial approach: 
                * I will start by simplifying $\frac{151}{44}$ into a form where it can be expressed as 3 plus some fraction. This is because we know that any number greater than or equal to three must have at least one integer part and then the remainder after dividing by $x$.
                
            - Reflection: 
                * I will evaluate whether my initial approach was successful in simplifying $\frac{151}{44}$ into a form where it can be expressed as 3 plus some fraction. If not, I may need to try another method.

        2) Initial Approach:
            - Simplify the given expression by dividing both numerator and denominator by their GCD (Greatest Common Divisor). This will result in $\frac{151}{44} = \frac{37}{11}$.
            
        3) Reflection: 
            * The initial approach was successful because we were able to simplify the fraction into a form where it can be expressed as $3 +$ some other fraction. However, there is still one more step required before finding the value of x+y+z.","**Solution:**

1. **Separate the integer part:**
   \[
   \frac{151}{44} = 3 + \frac{19}{44}
   \]
   (since \(44 \times 3 = 132\), remainder \(19\)).

2. **Express \(\frac{19}{44}\) as a reciprocal:**
   \[
   \frac{19}{44} = \frac{1}{\frac{44}{19}} = \frac{1}{2 + \frac{6}{19}}
   \]
   (since \(44 = 19 \times 2 + 6\)).

3. **Break down \(\frac{6}{19}\):**
   \[
   \frac{6}{19} = \frac{1}{\frac{19}{6}} = \frac{1}{3 + \frac{1}{6}}
   \]
   (since \(19 = 6 \times 3 + 1\)).

4. **Combine the results:**
   \[
   \frac{151}{44} = 3 + \frac{1}{2 + \frac{1}{3 + \frac{1}{6}}}
   \]
   Thus, \(x = 2\), \(y = 3\), \(z = 6\).

5. **Calculate \(x + y + z\):**
   \[
   x + y + z = 2 + 3 + 6 = \boxed{11}
   \]
",0.3076923076923077,0.7346724319809625,0.6309810927496554,0.9999999999
"Return your final response within \boxed{}. Find the number of permutations of \( n \) distinct elements \( a_1, a_2, \cdots, a_n \) (where \( n \geqslant 2 \)) such that \( a_1 \) is not in the first position and \( a_2 \) is not in the second position.","[""['**Solution:**\\nTo find the number of permutations of \\\\( n \\\\) distinct elements where \\\\( a_1 \\\\) is not in the first position and \\\\( a_2 \\\\) is not in the second position:\\n\\n1. **Total permutations**: \\\\( n! \\\\).\\n2. **Subtract invalid cases** using inclusion-exclusion:\\n   - Permutations with \\\\( a_1 \\\\) in position 1: \\\\( (n-1)! \\\\).\\n   - Permutations with \\\\( a_2 \\\\) in position 2: \\\\( (n-1)! \\\\).\\n   - Add back permutations where both \\\\( a_1 \\\\) and \\\\( a_2 \\\\) are in forbidden positions: \\\\( (n-2)! \\\\).\\n\\nThe formula becomes:\\n\\\\[\\nn! - 2(n-1)! + (n-2)! = (n^2 - 3n + 3) \\\\cdot (n-2)!\\n\\\\]\\n\\nFor \\\\( n=14 \\\\):\\n\\\\[\\n(14^2 - 3 \\\\cdot 14 + 3) \\\\cdot 12! = 157 \\\\cdot 479001600 = 75,\\\\!203,\\\\!251,\\\\!200\\n\\\\]\\n\\nHowever, the example answer incorrectly computes derangements (all elements displaced). The correct answer for the stated problem is \\\\(\\\\boxed{75203251200}\\\\) when \\\\( n=14 \\\\). If the problem instead required derangements (all elements not in their original positions), the answer would use \\\\( !n \\\\approx \\\\frac{n!}{e} \\\\).\\n\\n\\\\(\\\\boxed{(n^2 - 3n + 3) \\\\cdot (n-2)!}\\\\)\\n(General formula for the original problem)\\n']""]","**Analysis:** The problem asks for permutations of distinct elements where $a_{1}$ cannot be at index 0, nor can $a_{2}$ be at index 1. This means that we have to consider all possible arrangements except those with either $a_1$ or $a_2$ in the first two positions.
        **Approach:** We will use a recursive approach where each step involves selecting an element from the remaining elements and placing it into one of the available slots (i.e., not at index 0 for $a_{1}$, nor at index 1 for $a_{2}$.)","**Solution:**
To find the number of permutations of \( n \) distinct elements where \( a_1 \) is not in the first position and \( a_2 \) is not in the second position:

1. **Total permutations**: \( n! \).
2. **Subtract invalid cases** using inclusion-exclusion:
   - Permutations with \( a_1 \) in position 1: \( (n-1)! \).
   - Permutations with \( a_2 \) in position 2: \( (n-1)! \).
   - Add back permutations where both \( a_1 \) and \( a_2 \) are in forbidden positions: \( (n-2)! \).

The formula becomes:
\[
n! - 2(n-1)! + (n-2)! = (n^2 - 3n + 3) \cdot (n-2)!
\]

For \( n=14 \):
\[
(14^2 - 3 \cdot 14 + 3) \cdot 12! = 157 \cdot 479001600 = 75,\!203,\!251,\!200
\]

However, the example answer incorrectly computes derangements (all elements displaced). The correct answer for the stated problem is \(\boxed{75203251200}\) when \( n=14 \). If the problem instead required derangements (all elements not in their original positions), the answer would use \( !n \approx \frac{n!}{e} \).

\(\boxed{(n^2 - 3n + 3) \cdot (n-2)!}\)
(General formula for the original problem)
",0.6666666666666666,0.7977085879277585,0.6708774001035396,0.9999999999
"Return your final response within \boxed{}. If the cotangents of the three interior angles $A$, $B$, and $C$ of the triangle $\triangle ABC$, $\cot A$, $\cot B$, $\cot C$, form an arithmetic sequence in that order, what is the maximum value of the angle $B$?","[""['**Solution:**\\nGiven that \\\\(\\\\cot A\\\\), \\\\(\\\\cot B\\\\), and \\\\(\\\\cot C\\\\) form an arithmetic sequence, we have:\\n\\\\[\\n2 \\\\cot B = \\\\cot A + \\\\cot C\\n\\\\]\\nExpressing cotangents in terms of sine and cosine and simplifying:\\n\\\\[\\n2 \\\\frac{\\\\cos B}{\\\\sin B} = \\\\frac{\\\\cos A}{\\\\sin A} + \\\\frac{\\\\cos C}{\\\\sin C}\\n\\\\]\\nMultiplying through by \\\\(\\\\sin A \\\\sin B \\\\sin C\\\\) and using the identity \\\\(\\\\sin(A + C) = \\\\sin B\\\\):\\n\\\\[\\n2 \\\\cos B \\\\sin A \\\\sin C = \\\\sin^2 B\\n\\\\]\\nSubstituting \\\\(\\\\sin A = \\\\frac{a}{2R}\\\\), \\\\(\\\\sin C = \\\\frac{c}{2R}\\\\), and \\\\(\\\\sin B = \\\\frac{b}{2R}\\\\) (from the Law of Sines):\\n\\\\[\\n2 \\\\cos B \\\\cdot \\\\frac{a}{2R} \\\\cdot \\\\frac{c}{2R} = \\\\left(\\\\frac{b}{2R}\\\\right)^2 \\\\implies b^2 = 2ac \\\\cos B\\n\\\\]\\nUsing the Law of Cosines \\\\(b^2 = a^2 + c^2 - 2ac \\\\cos B\\\\) and equating:\\n\\\\[\\n2ac \\\\cos B = a^2 + c^2 - 2ac \\\\cos B \\\\implies 4ac \\\\cos B = a^2 + c^2\\n\\\\]\\nDividing by \\\\(ac\\\\):\\n\\\\[\\n4 \\\\cos B = \\\\frac{a}{c} + \\\\frac{c}{a} \\\\geq 2 \\\\quad (\\\\text{by AM-GM})\\n\\\\]\\nThus, \\\\(\\\\cos B \\\\geq \\\\frac{1}{2} \\\\implies B \\\\leq \\\\frac{\\\\pi}{3}\\\\). Equality holds when \\\\(a = c\\\\) (equilateral triangle). The maximum value of \\\\(B\\\\) is:\\n\\\\[\\n\\\\boxed{\\\\frac{\\\\pi}{3}}\\n\\\\]\\n']""]","The problem can be solved by using a combination of trigonometric identities and algebraic manipulation. Here's one approach:
        
        **Analysis:** We are given three cotangents $\cot A$, $\cot B$, and $\cot C$. Since they form an arithmetic sequence, we know that the difference between any two consecutive terms is constant.
        
        Let $d$ be this common difference. Then,
            \begin{align*}
                &\text{(1) } d = (\cot B - \cot A), \\
                &\text{(2) } 0 < d < \infty,\\
                &\text{(3) }\cot C = \cot A + (n-1)d.
            \end{align*}
        
        **Approach:** We can use the Law of Cosines to express $\cos B$ in terms of $d$, and then solve for $B$. The Law of Cosines states that
            $$\begin{equation}\label{eq:law-of-cosines} \cos A = \frac{\sin^2 C + \sin^2 B - 1}{2\sin B\cdot \sin C}. \end{equation}$$

        Substituting $\cot A$ for $A$, and using the fact that $\tan x=\dfrac {\sin{x}}{\cos {x}}$, we get
            $$\begin{align*}
                &\text{(4) } 1 = (\cot B - \cot C)(2\tan^3B),\\
                &\Rightarrow \quad (5)\; d(2\tan^3B)=1, \\
                &\Rightarrow \quad (6)\;\tan^3B=\frac{d}{2}, \\
                &\text{(7) } B = \arctan(\sqrt[3]{\frac{d}{2}}).
            \end{align*}$$
        
        **Summary:** We have shown that the maximum value of $B$ is $\arctan(\sqrt[3]{\frac{1}{4}})$, which can be simplified to approximately 0.5235987756 radians or about 30 degrees.","**Solution:**
Given that \(\cot A\), \(\cot B\), and \(\cot C\) form an arithmetic sequence, we have:
\[
2 \cot B = \cot A + \cot C
\]
Expressing cotangents in terms of sine and cosine and simplifying:
\[
2 \frac{\cos B}{\sin B} = \frac{\cos A}{\sin A} + \frac{\cos C}{\sin C}
\]
Multiplying through by \(\sin A \sin B \sin C\) and using the identity \(\sin(A + C) = \sin B\):
\[
2 \cos B \sin A \sin C = \sin^2 B
\]
Substituting \(\sin A = \frac{a}{2R}\), \(\sin C = \frac{c}{2R}\), and \(\sin B = \frac{b}{2R}\) (from the Law of Sines):
\[
2 \cos B \cdot \frac{a}{2R} \cdot \frac{c}{2R} = \left(\frac{b}{2R}\right)^2 \implies b^2 = 2ac \cos B
\]
Using the Law of Cosines \(b^2 = a^2 + c^2 - 2ac \cos B\) and equating:
\[
2ac \cos B = a^2 + c^2 - 2ac \cos B \implies 4ac \cos B = a^2 + c^2
\]
Dividing by \(ac\):
\[
4 \cos B = \frac{a}{c} + \frac{c}{a} \geq 2 \quad (\text{by AM-GM})
\]
Thus, \(\cos B \geq \frac{1}{2} \implies B \leq \frac{\pi}{3}\). Equality holds when \(a = c\) (equilateral triangle). The maximum value of \(B\) is:
\[
\boxed{\frac{\pi}{3}}
\]
",0.3157894736842105,0.8728404992393998,0.37939773818014944,0.9999999999
"Return your final response within \boxed{}. Find the minimum value of
\[\frac{\sin^6 x + \cos^6 x + 1}{\sin^4 x + \cos^4 x + 1}\]over all real values $x.$","[""['**Solution:**\\nTo find the minimum value of \\\\(\\\\frac{\\\\sin^6 x + \\\\cos^6 x + 1}{\\\\sin^4 x + \\\\cos^4 x + 1}\\\\), let \\\\(t = \\\\cos^2 x\\\\) and \\\\(\\\\sin^2 x = 1 - t\\\\). Substituting these into the expression:\\n\\n\\\\[\\n\\\\frac{(1 - t)^3 + t^3 + 1}{(1 - t)^2 + t^2 + 1} = \\\\frac{3t^2 - 3t + 2}{2t^2 - 2t + 2}.\\n\\\\]\\n\\nRewriting this as \\\\(\\\\frac{3}{2} - \\\\frac{1}{2(t^2 - t + 1)}\\\\), we need to minimize \\\\(t^2 - t + 1\\\\). The quadratic \\\\(t^2 - t + 1\\\\) reaches its minimum at \\\\(t = \\\\frac{1}{2}\\\\), giving \\\\(t^2 - t + 1 = \\\\frac{3}{4}\\\\). Substituting back:\\n\\n\\\\[\\n\\\\frac{3}{2} - \\\\frac{1}{2 \\\\cdot \\\\frac{3}{4}} = \\\\frac{3}{2} - \\\\frac{2}{3} = \\\\frac{5}{6}.\\n\\\\]\\n\\nThus, the minimum value is \\\\(\\\\boxed{\\\\frac{5}{6}}\\\\).\\n']""]","Analysis: The problem is moderately complex. It involves trigonometric functions and requires finding the minimum value of a fraction.
        
        Initial Approach:
            - Simplify the expression by using algebraic identities to combine terms with similar bases (e.g., $\sin^2 x + \cos^2 x = 1$).
            
        Reflection: The simplified form is still complex, so we need more steps. We can try applying trigonometric properties or derivatives.
        
        Improvement:
            - Apply the double-angle formula for sine and cosine to simplify further (e.g., $\sin(2x) = 2\sin x \cos x$).","**Solution:**
To find the minimum value of \(\frac{\sin^6 x + \cos^6 x + 1}{\sin^4 x + \cos^4 x + 1}\), let \(t = \cos^2 x\) and \(\sin^2 x = 1 - t\). Substituting these into the expression:

\[
\frac{(1 - t)^3 + t^3 + 1}{(1 - t)^2 + t^2 + 1} = \frac{3t^2 - 3t + 2}{2t^2 - 2t + 2}.
\]

Rewriting this as \(\frac{3}{2} - \frac{1}{2(t^2 - t + 1)}\), we need to minimize \(t^2 - t + 1\). The quadratic \(t^2 - t + 1\) reaches its minimum at \(t = \frac{1}{2}\), giving \(t^2 - t + 1 = \frac{3}{4}\). Substituting back:

\[
\frac{3}{2} - \frac{1}{2 \cdot \frac{3}{4}} = \frac{3}{2} - \frac{2}{3} = \frac{5}{6}.
\]

Thus, the minimum value is \(\boxed{\frac{5}{6}}\).
",0.2,0.7947562274109413,0.5186167239345467,0.9999999999
"Return your final response within \boxed{}. The 8 eyelets for the lace of a sneaker all lie on a rectangle, four equally spaced on each of the longer sides. The rectangle has a width of 50 mm and a length of 80 mm. There is one eyelet at each vertex of the rectangle. The lace itself must pass between the vertex eyelets along a width side of the rectangle and then crisscross between successive eyelets until it reaches the two eyelets at the other width side of the rectangle as shown. After passing through these final eyelets, each of the ends of the lace must extend at least 200 mm farther to allow a knot to be tied. Find the minimum length of the lace in millimeters.
[asy] size(200); defaultpen(linewidth(0.7)); path laceL=(-20,-30)..tension 0.75 ..(-90,-135)..(-102,-147)..(-152,-150)..tension 2 ..(-155,-140)..(-135,-40)..(-50,-4)..tension 0.8 ..origin; path laceR=reflect((75,0),(75,-240))*laceL; draw(origin--(0,-240)--(150,-240)--(150,0)--cycle,gray); for(int i=0;i<=3;i=i+1) { path circ1=circle((0,-80*i),5),circ2=circle((150,-80*i),5); unfill(circ1); draw(circ1); unfill(circ2); draw(circ2); } draw(laceL--(150,-80)--(0,-160)--(150,-240)--(0,-240)--(150,-160)--(0,-80)--(150,0)^^laceR,linewidth(1));[/asy]","[""['**Solution:**\\n1. **Horizontal Segment:** The lace crosses the width of the rectangle once, contributing \\\\( 50 \\\\) mm.\\n2. **Crisscross Diagonals:** The 80 mm length is divided into 3 equal segments of \\\\( \\\\frac{80}{3} \\\\) mm. Each diagonal spans \\\\( \\\\sqrt{50^2 + \\\\left(\\\\frac{80}{3}\\\\right)^2} = \\\\frac{170}{3} \\\\) mm. With 6 diagonals, this totals \\\\( 6 \\\\times \\\\frac{170}{3} = 340 \\\\) mm.\\n3. **Extensions:** Each end extends \\\\( 200 \\\\) mm, adding \\\\( 2 \\\\times 200 = 400 \\\\) mm.\\n\\n**Total Length:**\\n\\\\[\\n50 \\\\, \\\\text{(horizontal)} + 340 \\\\, \\\\text{(diagonals)} + 400 \\\\, \\\\text{(extensions)} = 790 \\\\, \\\\text{mm}\\n\\\\]\\n\\nThe minimum length of the lace is \\\\(\\\\boxed{790}\\\\) mm.\\n']""]","The problem is moderately complex. I will break it down into three parts:
        
        1. Find the length of each side.
        2. Determine how many eyelets are on a given width side and calculate their distance from one another.
        3. Calculate the total lace length.","**Solution:**
1. **Horizontal Segment:** The lace crosses the width of the rectangle once, contributing \( 50 \) mm.
2. **Crisscross Diagonals:** The 80 mm length is divided into 3 equal segments of \( \frac{80}{3} \) mm. Each diagonal spans \( \sqrt{50^2 + \left(\frac{80}{3}\right)^2} = \frac{170}{3} \) mm. With 6 diagonals, this totals \( 6 \times \frac{170}{3} = 340 \) mm.
3. **Extensions:** Each end extends \( 200 \) mm, adding \( 2 \times 200 = 400 \) mm.

**Total Length:**
\[
50 \, \text{(horizontal)} + 340 \, \text{(diagonals)} + 400 \, \text{(extensions)} = 790 \, \text{mm}
\]

The minimum length of the lace is \(\boxed{790}\) mm.
",0.16666666666666666,0.8291119094665129,0.5125482931336587,0.9999999999
"Return your final response within \boxed{}. The line \( y = -\frac{3}{4}x + 9 \) crosses the \( x \)-axis at \( P \) and the \( y \)-axis at \( Q \). Point \( T(r, s) \) is on line segment \( PQ \). If the area of \( \triangle POQ \) is three times the area of \( \triangle TOP \), then the value of \( r + s \) is:

(A) 7  
(B) 10  
(C) 11  
(D) 14  
(E) 18","[""['**Solution:**\\n\\n1. **Find intercepts:**\\n   - **P (x-intercept):** Set \\\\( y = 0 \\\\) in \\\\( y = -\\\\frac{3}{4}x + 9 \\\\):\\n     \\\\[\\n     0 = -\\\\frac{3}{4}x + 9 \\\\implies x = 12 \\\\implies P = (12, 0).\\n     \\\\]\\n   - **Q (y-intercept):** Set \\\\( x = 0 \\\\):\\n     \\\\[\\n     y = 9 \\\\implies Q = (0, 9).\\n     \\\\]\\n\\n2. **Area of \\\\( \\\\triangle POQ \\\\):**\\n   \\\\[\\n   \\\\text{Area} = \\\\frac{1}{2} \\\\times \\\\text{base} \\\\times \\\\text{height} = \\\\frac{1}{2} \\\\times 12 \\\\times 9 = 54.\\n   \\\\]\\n\\n3. **Area of \\\\( \\\\triangle TOP \\\\):**\\n   \\\\[\\n   \\\\text{Area} = \\\\frac{1}{3} \\\\times 54 = 18.\\n   \\\\]\\n\\n4. **Locate point \\\\( T(r, s) \\\\):**\\n   - Using the area formula for \\\\( \\\\triangle TOP \\\\):\\n     \\\\[\\n     \\\\frac{1}{2} \\\\times 12 \\\\times s = 18 \\\\implies 6s = 18 \\\\implies s = 3.\\n     \\\\]\\n   - Substitute \\\\( s = 3 \\\\) into \\\\( y = -\\\\frac{3}{4}x + 9 \\\\):\\n     \\\\[\\n     3 = -\\\\frac{3}{4}r + 9 \\\\implies -\\\\frac{3}{4}r = -6 \\\\implies r = 8.\\n     \\\\]\\n\\n5. **Compute \\\\( r + s \\\\):**\\n   \\\\[\\n   r + s = 8 + 3 = 11.\\n   \\\\]\\n\\n**Answer:** \\\\(\\\\boxed{11}\\\\)\\n']""]","**Analysis:** The problem involves finding a point on line segment PQ such that its area triangle TOP is one-third the size of POQ. We can use coordinate geometry to solve this.
        
        **Approach:**
            - Find equation for \( y = \frac{3}{4}x + 9 \)
                * Use slope-intercept form
                    $y=mx+b$
                        where m=slope and b=y intercept","**Solution:**

1. **Find intercepts:**
   - **P (x-intercept):** Set \( y = 0 \) in \( y = -\frac{3}{4}x + 9 \):
     \[
     0 = -\frac{3}{4}x + 9 \implies x = 12 \implies P = (12, 0).
     \]
   - **Q (y-intercept):** Set \( x = 0 \):
     \[
     y = 9 \implies Q = (0, 9).
     \]

2. **Area of \( \triangle POQ \):**
   \[
   \text{Area} = \frac{1}{2} \times \text{base} \times \text{height} = \frac{1}{2} \times 12 \times 9 = 54.
   \]

3. **Area of \( \triangle TOP \):**
   \[
   \text{Area} = \frac{1}{3} \times 54 = 18.
   \]

4. **Locate point \( T(r, s) \):**
   - Using the area formula for \( \triangle TOP \):
     \[
     \frac{1}{2} \times 12 \times s = 18 \implies 6s = 18 \implies s = 3.
     \]
   - Substitute \( s = 3 \) into \( y = -\frac{3}{4}x + 9 \):
     \[
     3 = -\frac{3}{4}r + 9 \implies -\frac{3}{4}r = -6 \implies r = 8.
     \]

5. **Compute \( r + s \):**
   \[
   r + s = 8 + 3 = 11.
   \]

**Answer:** \(\boxed{11}\)
",0.42857142857142855,0.8400711295647029,0.35131110296093837,0.9999999999
"Return your final response within \boxed{}. Write in ascending order the multiples of 3 which, when 1 is added, are perfect squares, i.e., $3, 15, 24, 48, \ldots$ What is the multiple of 3 in the $2006^{\mathrm{th}}$ position?","[""['**Solution:**\\nTo find the 2006th multiple of 3 where \\\\( a + 1 \\\\) is a perfect square:\\n1. Let \\\\( a = k^2 - 1 \\\\). For \\\\( a \\\\) to be divisible by 3, \\\\( k \\\\) must satisfy \\\\( k \\\\equiv \\\\pm1 \\\\mod 3 \\\\), i.e., \\\\( k = 3n \\\\pm 1 \\\\) for \\\\( n \\\\geq 1 \\\\).\\n2. The valid \\\\( k \\\\)-values form pairs \\\\((3n - 1, 3n + 1)\\\\). Each pair corresponds to two terms in the sequence of \\\\( a \\\\).\\n3. For the 2006th term (even position), compute \\\\( n = 2006/2 = 1003 \\\\). The corresponding \\\\( k \\\\)-value is \\\\( 3n + 1 = 3 \\\\times 1003 + 1 = 3010 \\\\).\\n4. Substitute \\\\( k = 3010 \\\\) into \\\\( a = k^2 - 1 \\\\):\\n   \\\\[\\n   a = 3010^2 - 1 = 9060100 - 1 = 9060099\\n   \\\\]\\nThus, the 2006th term is \\\\(\\\\boxed{9060099}\\\\).\\n']""]",Parsing Error,"**Solution:**
To find the 2006th multiple of 3 where \( a + 1 \) is a perfect square:
1. Let \( a = k^2 - 1 \). For \( a \) to be divisible by 3, \( k \) must satisfy \( k \equiv \pm1 \mod 3 \), i.e., \( k = 3n \pm 1 \) for \( n \geq 1 \).
2. The valid \( k \)-values form pairs \((3n - 1, 3n + 1)\). Each pair corresponds to two terms in the sequence of \( a \).
3. For the 2006th term (even position), compute \( n = 2006/2 = 1003 \). The corresponding \( k \)-value is \( 3n + 1 = 3 \times 1003 + 1 = 3010 \).
4. Substitute \( k = 3010 \) into \( a = k^2 - 1 \):
   \[
   a = 3010^2 - 1 = 9060100 - 1 = 9060099
   \]
Thus, the 2006th term is \(\boxed{9060099}\).
",0.0,0.0,0.16791512893931307,0.9999999999
"Return your final response within \boxed{}. Find the maximum and minimum values of the function \( y = 3x^4 - 6x^2 + 4 \) on the interval \([-1, 3]\).","['[""**Solution:**\\nTo find the extrema of \\\\( y = 3x^4 - 6x^2 + 4 \\\\) on \\\\([-1, 3]\\\\):\\n\\n1. **Derivative**:\\n   \\\\( y\' = 12x^3 - 12x \\\\).\\n   Setting \\\\( y\' = 0 \\\\):\\n   \\\\( 12x(x^2 - 1) = 0 \\\\Rightarrow x = 0, 1, -1 \\\\).\\n\\n2. **Critical Points**:\\n   \\\\( x = -1, 0, 1 \\\\) (all within \\\\([-1, 3]\\\\)).\\n\\n3. **Evaluate \\\\( y \\\\) at critical points and endpoints**:\\n   - \\\\( x = -1 \\\\): \\\\( y(-1) = 3(1) - 6(1) + 4 = 1 \\\\).\\n   - \\\\( x = 0 \\\\): \\\\( y(0) = 4 \\\\).\\n   - \\\\( x = 1 \\\\): \\\\( y(1) = 1 \\\\).\\n   - \\\\( x = 3 \\\\): \\\\( y(3) = 3(81) - 6(9) + 4 = 193 \\\\).\\n\\n4. **Conclusion**:\\n   Minimum value is \\\\( \\\\boxed{1} \\\\) (at \\\\( x = -1, 1 \\\\)), maximum is \\\\( \\\\boxed{193} \\\\) (at \\\\( x = 3 \\\\)).\\n""]']","The problem is moderately complex. I will break it down into three steps:
        
        **Step 1:** Find critical points by setting \(y'\)
            * If \( y' = 0\), then we have a local maximum or minimum.
            
        **Step 2:** Evaluate the function at endpoints of interval \([-1,3]\).
            * This will give us lower and upper bounds for our solution.

        **Step 3:** Compare critical points with endpoint values to find maxima/minima on given range.","**Solution:**
To find the extrema of \( y = 3x^4 - 6x^2 + 4 \) on \([-1, 3]\):

1. **Derivative**:
   \( y' = 12x^3 - 12x \).
   Setting \( y' = 0 \):
   \( 12x(x^2 - 1) = 0 \Rightarrow x = 0, 1, -1 \).

2. **Critical Points**:
   \( x = -1, 0, 1 \) (all within \([-1, 3]\)).

3. **Evaluate \( y \) at critical points and endpoints**:
   - \( x = -1 \): \( y(-1) = 3(1) - 6(1) + 4 = 1 \).
   - \( x = 0 \): \( y(0) = 4 \).
   - \( x = 1 \): \( y(1) = 1 \).
   - \( x = 3 \): \( y(3) = 3(81) - 6(9) + 4 = 193 \).

4. **Conclusion**:
   Minimum value is \( \boxed{1} \) (at \( x = -1, 1 \)), maximum is \( \boxed{193} \) (at \( x = 3 \)).
",0.42857142857142855,0.7821511748687028,0.4887593657916202,0.9999999999
"Return your final response within \boxed{}. Two circles touch each other internally at point \( A \). A radius \( OB \) is drawn from the center of the larger circle, touching the smaller circle at point \( C \). Determine the angle \( \widehat{BAC} \).","['[""**Solution:**\\n\\n1. **Angle in Larger Circle (\\\\( \\\\triangle OAB \\\\)):**\\n   - Let \\\\( \\\\angle BOA = \\\\varphi \\\\). Since \\\\( OA = OB \\\\), \\\\( \\\\angle BAO = \\\\frac{180^\\\\circ - \\\\varphi}{2} = 90^\\\\circ - \\\\frac{\\\\varphi}{2} \\\\).\\n\\n2. **Angle in Smaller Circle (\\\\( \\\\triangle AO_1C \\\\)):**\\n   - \\\\( O_1C \\\\perp OB \\\\) implies \\\\( \\\\angle AO_1C = 90^\\\\circ + \\\\varphi \\\\). In the isosceles \\\\( \\\\triangle AO_1C \\\\), \\\\( \\\\angle CAO_1 = \\\\frac{180^\\\\circ - (90^\\\\circ + \\\\varphi)}{2} = 45^\\\\circ - \\\\frac{\\\\varphi}{2} \\\\).\\n\\n3. **Combining Results:**\\n   - \\\\( \\\\angle BAC = \\\\angle BAO - \\\\angle CAO_1 = \\\\left(90^\\\\circ - \\\\frac{\\\\varphi}{2}\\\\right) - \\\\left(45^\\\\circ - \\\\frac{\\\\varphi}{2}\\\\right) = 45^\\\\circ \\\\).\\n\\nThus, the angle \\\\( \\\\widehat{BAC} \\\\) is universally \\\\( \\\\boxed{45^\\\\circ} \\\\), independent of the circles\' radii.\\n""]']","The problem can be solved using a combination of geometric reasoning and trigonometry. Here's my step-by-step approach:
        
        1. **Analysis:** We are given two circles that touch each other internally at point A, with the larger circle having center O and radius OB touching the smaller circle at C.
            - The goal is to determine angle BAC.

        2. **Approach:**
            - To solve this problem we will use trigonometry principles involving tangent lines of a circle.
        
        3. **Solution:** 
            - Let's start by drawing an additional line from O through A, intersecting the smaller circle at D and E respectively (as shown in figure below).
            
                ![figure](https://i.imgur.com/8Z6XQ7L.png)
                
            - Now we can apply some trigonometric identities to find angle BAC:
        
        4. **Reflection:** 
            - The solution seems reasonable, but let's double-check our work by plugging in the values of angles and lengths into the formula.
            
                ![figure](https://i.imgur.com/8Z6XQ7L.png)","**Solution:**

1. **Angle in Larger Circle (\( \triangle OAB \)):**
   - Let \( \angle BOA = \varphi \). Since \( OA = OB \), \( \angle BAO = \frac{180^\circ - \varphi}{2} = 90^\circ - \frac{\varphi}{2} \).

2. **Angle in Smaller Circle (\( \triangle AO_1C \)):**
   - \( O_1C \perp OB \) implies \( \angle AO_1C = 90^\circ + \varphi \). In the isosceles \( \triangle AO_1C \), \( \angle CAO_1 = \frac{180^\circ - (90^\circ + \varphi)}{2} = 45^\circ - \frac{\varphi}{2} \).

3. **Combining Results:**
   - \( \angle BAC = \angle BAO - \angle CAO_1 = \left(90^\circ - \frac{\varphi}{2}\right) - \left(45^\circ - \frac{\varphi}{2}\right) = 45^\circ \).

Thus, the angle \( \widehat{BAC} \) is universally \( \boxed{45^\circ} \), independent of the circles' radii.
",0.2727272727272727,0.8726941590338806,0.5524164887262295,0.9999999999
"Return your final response within \boxed{}. Does there exist an integer that, when divided by 9, leaves a remainder of 2, and when divided by 6, leaves a remainder of 1?","[""['**Solution:**\\n1. Let \\\\( m \\\\) be the integer. The conditions translate to:\\n   - \\\\( m \\\\equiv 2 \\\\ (\\\\text{mod} \\\\ 9) \\\\) ⇒ \\\\( m = 9n + 2 \\\\)\\n   - \\\\( m \\\\equiv 1 \\\\ (\\\\text{mod} \\\\ 6) \\\\) ⇒ \\\\( m = 6k + 1 \\\\)\\n\\n2. Equate the two expressions:\\n   \\\\[\\n   9n + 2 = 6k + 1 \\\\implies 9n + 1 = 6k\\n   \\\\]\\n\\n3. Analyze divisibility:\\n   - \\\\( 9n \\\\) is divisible by 3, so \\\\( 9n + 1 \\\\equiv 1 \\\\ (\\\\text{mod} \\\\ 3) \\\\)\\n   - \\\\( 6k \\\\) is divisible by 3, so \\\\( 6k \\\\equiv 0 \\\\ (\\\\text{mod} \\\\ 3) \\\\)\\n\\n4. Since \\\\( 1 \\\\not\\\\equiv 0 \\\\ (\\\\text{mod} \\\\ 3) \\\\), the equation \\\\( 9n + 1 = 6k \\\\) has no integer solutions. Thus, no such \\\\( m \\\\) exists.\\n\\n\\\\[\\n\\\\boxed{\\\\text{No}}\\n\\\\]\\n']""]",Parsing Error,"**Solution:**
1. Let \( m \) be the integer. The conditions translate to:
   - \( m \equiv 2 \ (\text{mod} \ 9) \) ⇒ \( m = 9n + 2 \)
   - \( m \equiv 1 \ (\text{mod} \ 6) \) ⇒ \( m = 6k + 1 \)

2. Equate the two expressions:
   \[
   9n + 2 = 6k + 1 \implies 9n + 1 = 6k
   \]

3. Analyze divisibility:
   - \( 9n \) is divisible by 3, so \( 9n + 1 \equiv 1 \ (\text{mod} \ 3) \)
   - \( 6k \) is divisible by 3, so \( 6k \equiv 0 \ (\text{mod} \ 3) \)

4. Since \( 1 \not\equiv 0 \ (\text{mod} \ 3) \), the equation \( 9n + 1 = 6k \) has no integer solutions. Thus, no such \( m \) exists.

\[
\boxed{\text{No}}
\]
",0.0,0.0,0.16960657855928168,0.9999999999
"Return your final response within \boxed{}. Find value of   $$ \frac{1}{1+x+xy}+\frac{1}{1+y+yz}+\frac{1}{1+z+zx} $$   if  $x$ ,  $y$  and  $z$  are real numbers usch that  $xyz=1$ ","[""['**Solution:**\\nGiven \\\\( xyz = 1 \\\\), we manipulate each term in the expression \\\\( \\\\frac{1}{1+x+xy} + \\\\frac{1}{1+y+yz} + \\\\frac{1}{1+z+zx} \\\\):\\n\\n1. **First Term:** Multiply numerator and denominator by \\\\( z \\\\):\\n   \\\\[\\n   \\\\frac{1}{1+x+xy} \\\\cdot \\\\frac{z}{z} = \\\\frac{z}{z + xz + xyz} = \\\\frac{z}{1 + z + zx}.\\n   \\\\]\\n \\n2. **Second Term:** Multiply numerator and denominator by \\\\( xz \\\\):\\n   \\\\[\\n   \\\\frac{1}{1+y+yz} \\\\cdot \\\\frac{xz}{xz} = \\\\frac{xz}{xz + xyz + xz \\\\cdot yz} = \\\\frac{xz}{1 + z + zx}.\\n   \\\\]\\n\\n3. **Third Term:** Already has denominator \\\\( 1 + z + zx \\\\):\\n   \\\\[\\n   \\\\frac{1}{1 + z + zx}.\\n   \\\\]\\n\\nCombining all terms:\\n\\\\[\\n\\\\frac{z + xz + 1}{1 + z + zx} = \\\\frac{1 + z + zx}{1 + z + zx} = 1.\\n\\\\]\\n\\nThus, the value of the expression is \\\\(\\\\boxed{1}\\\\).\\n']""]","Analysis: The problem is moderately complex. We need to find the value of a fraction with three terms, each involving two variables.
        
        Initial Approach:
            - Simplify by factoring out common factors from all denominators
                $$ \frac{A}{B}+\frac{C}{D}+\frac{E}{F}=... $$
            
            - Apply algebraic identities to simplify the expression further
            
            - Evaluate and substitute values for variables
        
        Reflection:
            - The approach seems promising, but we need to ensure that it is valid.
        
        Improvement: 
            - Check if there are any additional simplifications or transformations possible
                $$ \frac{A}{B}+\frac{C}{D}+\frac{E}{F}=... $$","**Solution:**
Given \( xyz = 1 \), we manipulate each term in the expression \( \frac{1}{1+x+xy} + \frac{1}{1+y+yz} + \frac{1}{1+z+zx} \):

1. **First Term:** Multiply numerator and denominator by \( z \):
   \[
   \frac{1}{1+x+xy} \cdot \frac{z}{z} = \frac{z}{z + xz + xyz} = \frac{z}{1 + z + zx}.
   \]
 
2. **Second Term:** Multiply numerator and denominator by \( xz \):
   \[
   \frac{1}{1+y+yz} \cdot \frac{xz}{xz} = \frac{xz}{xz + xyz + xz \cdot yz} = \frac{xz}{1 + z + zx}.
   \]

3. **Third Term:** Already has denominator \( 1 + z + zx \):
   \[
   \frac{1}{1 + z + zx}.
   \]

Combining all terms:
\[
\frac{z + xz + 1}{1 + z + zx} = \frac{1 + z + zx}{1 + z + zx} = 1.
\]

Thus, the value of the expression is \(\boxed{1}\).
",0.09090909090909091,0.0,0.5569069694176615,0.9999999999
"Return your final response within \boxed{}. Find a six-digit number which, when multiplied by 9, has its digits arranged in reverse order compared to the original number. How many such six-digit numbers exist?","[""['**Solution:**\\nLet \\\\( N = \\\\overline{abcdef} \\\\). When multiplied by 9, the result is \\\\( \\\\overline{fedcba} \\\\). Key steps:\\n1. \\\\( N \\\\) lies between 100000 and 111111 (since \\\\( 9N \\\\) must be six digits), forcing \\\\( a = 1 \\\\).\\n2. From \\\\( 9f \\\\equiv 1 \\\\mod 10 \\\\), \\\\( f = 9 \\\\).\\n3. Iteratively solve for digits with carryovers:\\n   - Units: \\\\( 9 \\\\times 9 = 81 \\\\rightarrow \\\\) digit 1, carryover 8.\\n   - Tens: \\\\( 9e + 8 \\\\equiv b \\\\mod 10 \\\\). Testing \\\\( b = 0 \\\\), solve \\\\( 9e + 8 \\\\equiv 0 \\\\mod 10 \\\\Rightarrow e = 8 \\\\).\\n   - Propagate carryovers through hundreds, thousands, etc., yielding \\\\( c = 9 \\\\), \\\\( d = 9 \\\\), \\\\( b = 0 \\\\), \\\\( e = 8 \\\\).\\n4. Verify \\\\( N = 109989 \\\\): \\\\( 9 \\\\times 109989 = 989901 \\\\), which reverses \\\\( N \\\\). No other solutions exist. \\n\\nThe only such number is \\\\(\\\\boxed{109989}\\\\).\\n']""]","The problem is moderately complex because it requires finding all possible combinations of six digit numbers that satisfy the given condition.
        
        Analysis:
            - Key points: We need to find a 6-digit number which, when multiplied by 9, has its digits arranged in reverse order compared to the original number. 
            - Challenges: The problem involves both multiplication and rearranging digits.

        Initial Approach:
            - One possible approach is to generate all six digit numbers using nested loops (e.g., for i=0..99999; j=i*10+1, k=j*10+2...). For each number generated, multiply it by 9. If the result has its digits in reverse order compared to the original number, then we have found a solution.
            - However, this approach is inefficient as there are many combinations of numbers that do not satisfy our condition and will be checked unnecessarily.

        Reflection:
            - The initial approach can be improved upon by using some properties of multiplication. For example, if we know that 9x=10y+1 (where x,y are integers), then the last digit of y must be either 0 or 5.
        
        Improvement: 
            - We can use this property to reduce our search space significantly. Instead of checking all possible combinations of six digits numbers, we only need to check those whose last two digits sum up to a multiple of 9 (i.e., the remainder when dividing by 10). This reduces our search from O(1000000) operations down to O(90000).
        
        Summary:
            - We can use this approach to find all possible solutions efficiently. The final solution will involve generating numbers with last two digits summing up to a multiple of 9, multiplying them by 9 and checking if the resulting number has its digits in reverse order compared to the original one.","**Solution:**
Let \( N = \overline{abcdef} \). When multiplied by 9, the result is \( \overline{fedcba} \). Key steps:
1. \( N \) lies between 100000 and 111111 (since \( 9N \) must be six digits), forcing \( a = 1 \).
2. From \( 9f \equiv 1 \mod 10 \), \( f = 9 \).
3. Iteratively solve for digits with carryovers:
   - Units: \( 9 \times 9 = 81 \rightarrow \) digit 1, carryover 8.
   - Tens: \( 9e + 8 \equiv b \mod 10 \). Testing \( b = 0 \), solve \( 9e + 8 \equiv 0 \mod 10 \Rightarrow e = 8 \).
   - Propagate carryovers through hundreds, thousands, etc., yielding \( c = 9 \), \( d = 9 \), \( b = 0 \), \( e = 8 \).
4. Verify \( N = 109989 \): \( 9 \times 109989 = 989901 \), which reverses \( N \). No other solutions exist. 

The only such number is \(\boxed{109989}\).
",0.2,0.8608174638131522,0.3960669328539904,0.9999999999
"Calculate the heat of neutralization when 50 mL of 1 M HCl(aq) is mixed with 50 mL of 1 M NaOH(aq) at a constant temperature of 25 °C. The specific heat capacity of the solution is 4.18 J/g·°C, and the density of the solution is 1.00 g/mL.","[""['**Solution:**\\nThe balanced neutralization reaction is:\\nHCl(aq) + NaOH(aq) → NaCl(aq) + H₂O(l).\\n\\n1. **Moles of reactants**:\\n   - Moles of HCl = 1 M × 0.05 L = 0.05 mol\\n   - Moles of NaOH = 1 M × 0.05 L = 0.05 mol\\n   Both react completely (1:1 ratio), producing 0.05 mol of H₂O.\\n\\n2. **Heat of neutralization**:\\n   For strong acid-strong base reactions, the standard heat of neutralization is **-57.32 kJ/mol** (exothermic).\\n\\n3. **Total heat released**:\\n   \\\\( q = 0.05 \\\\, \\\\text{mol} \\\\times (-57.32 \\\\, \\\\text{kJ/mol}) = -2.866 \\\\, \\\\text{kJ} \\\\).\\n\\nThe heat of neutralization is **-2.866 kJ**. The specific heat capacity and density data are not used here because the temperature remains constant, and the standard enthalpy value applies directly.\\n']""]","**Analysis:** Calculate the moles of HCl(aq) and NaOH(aq). Then calculate the total volume (100 mL), mass (100g), heat capacity (418 J/g·°C), and density (1.0 g/mL).
        
        **Approach:**
            - Use the molar ratio to determine how many moles of HCl are needed for neutralization.
            - Calculate the number of grams of NaOH required using its molecular weight, then convert it into mL by dividing with 1000 and multiplying by density (1.00 g/mL).
        
        **Summary:** The heat of neutralization is calculated as follows:","**Solution:**
The balanced neutralization reaction is:
HCl(aq) + NaOH(aq) → NaCl(aq) + H₂O(l).

1. **Moles of reactants**:
   - Moles of HCl = 1 M × 0.05 L = 0.05 mol
   - Moles of NaOH = 1 M × 0.05 L = 0.05 mol
   Both react completely (1:1 ratio), producing 0.05 mol of H₂O.

2. **Heat of neutralization**:
   For strong acid-strong base reactions, the standard heat of neutralization is **-57.32 kJ/mol** (exothermic).

3. **Total heat released**:
   \( q = 0.05 \, \text{mol} \times (-57.32 \, \text{kJ/mol}) = -2.866 \, \text{kJ} \).

The heat of neutralization is **-2.866 kJ**. The specific heat capacity and density data are not used here because the temperature remains constant, and the standard enthalpy value applies directly.
",0.3333333333333333,0.0,0.5512746466797293,0.9999999999
"Return your final response within \boxed{}. The circumference of a circle is 100. The diameter of this circle is equal to:
(A) $100 \times \pi$
(B) $\frac{2 \pi}{100}$
(C) $\frac{100}{\pi}$
(D) $2 \pi \times 100$
(E) $\frac{\pi}{100}$","[""['**Solution:**\\nThe circumference \\\\( C \\\\) of a circle is related to its diameter \\\\( d \\\\) by the formula:\\n\\\\[\\nC = \\\\pi \\\\times d\\n\\\\]\\nGiven \\\\( C = 100 \\\\), substitute into the formula:\\n\\\\[\\n100 = \\\\pi \\\\times d\\n\\\\]\\nTo solve for \\\\( d \\\\), divide both sides by \\\\( \\\\pi \\\\):\\n\\\\[\\nd = \\\\frac{100}{\\\\pi}\\n\\\\]\\nThus, the correct answer is **(C)**.\\n\\n\\\\[\\n\\\\boxed{\\\\frac{100}{\\\\pi}}\\n\\\\]\\n']""]","**Analysis:** The problem is moderately complex. We need to find the diameter of a circle given its circumference.
        
        **Initial Approach:**
            - Convert from circumference to radius using $C = \pi r$ and then convert back to diameter by multiplying by 2.

        **Reflection:** This approach seems reasonable, but it's not very efficient since we have to do two conversions. We can simplify the process if we use a different formula.
        
        **Improvement:**
            - Use the relationship between circumference ($C = \pi d$) and diameter directly:
                $d = C / \pi$","**Solution:**
The circumference \( C \) of a circle is related to its diameter \( d \) by the formula:
\[
C = \pi \times d
\]
Given \( C = 100 \), substitute into the formula:
\[
100 = \pi \times d
\]
To solve for \( d \), divide both sides by \( \pi \):
\[
d = \frac{100}{\pi}
\]
Thus, the correct answer is **(C)**.

\[
\boxed{\frac{100}{\pi}}
\]
",0.3333333333333333,0.0,0.4676737444582027,0.9999999999
"Generate an executable Python function generated from the given prompt. The function should take stdin as input and print the output. Simply call the function after the definition.King of Berland Berl IV has recently died. Hail Berl V! As a sign of the highest achievements of the deceased king the new king decided to build a mausoleum with Berl IV's body on the main square of the capital.

The mausoleum will be constructed from 2*n* blocks, each of them has the shape of a cuboid. Each block has the bottom base of a 1<=×<=1 meter square. Among the blocks, exactly two of them have the height of one meter, exactly two have the height of two meters, ..., exactly two have the height of *n* meters.

The blocks are arranged in a row without spacing one after the other. Of course, not every arrangement of blocks has the form of a mausoleum. In order to make the given arrangement in the form of the mausoleum, it is necessary that when you pass along the mausoleum, from one end to the other, the heights of the blocks first were non-decreasing (i.e., increasing or remained the same), and then — non-increasing (decrease or remained unchanged). It is possible that any of these two areas will be omitted. For example, the following sequences of block height meet this requirement:
 -  [1,<=2,<=2,<=3,<=4,<=4,<=3,<=1]; -  [1,<=1]; -  [2,<=2,<=1,<=1]; -  [1,<=2,<=3,<=3,<=2,<=1]. 
Suddenly, *k* more requirements appeared. Each of the requirements has the form: *h*[*x**i*] sign*i* *h*[*y**i*]"", where *h*[*t*] is the height of the *t*-th block, and a sign*i* is one of the five possible signs: '=' (equals), '&lt;' (less than), '&gt;' (more than), '&lt;=' (less than or equals), '&gt;=' (more than or equals). Thus, each of the *k* additional requirements is given by a pair of indexes *x**i*, *y**i* (1<=≤<=*x**i*,<=*y**i*<=≤<=2*n*) and sign sign*i*.

Find the number of possible ways to rearrange the blocks so that both the requirement about the shape of the mausoleum (see paragraph 3) and the *k* additional requirements were met.
The first line of the input contains integers *n* and *k* (1<=≤<=*n*<=≤<=35, 0<=≤<=*k*<=≤<=100) — the number of pairs of blocks and the number of additional requirements.

Next *k* lines contain listed additional requirements, one per line in the format ""*x**i* sign*i* *y**i* (1<=≤<=*x**i*,<=*y**i*<=≤<=2*n*), and the sign is on of the list of the five possible signs.
Print the sought number of ways.
Sample Input
3 0
3 1
2 &gt; 3
4 1
3 = 6

Sample Output
9
1
3

","['[\'**Solution:**\\n```python\\nN, K = map(int, input().split())\\nrel = [[0] * 75 for _ in range(75)]\\ndp = [[-1] * 40 for _ in range(75)]\\nsign = [""="", ""<"", "">"", ""<="", "">=""]\\nrev = [0, 2, 1, 4, 3]\\nrs = [[] for _ in range(75)]\\n\\ndef solve(st, pos):\\n    if pos > N:\\n        return 1\\n    if dp[st][pos] != -1:\\n        return dp[st][pos]\\n    en = 2 * N - (2 * (pos - 1) - st + 1)\\n    res = 0\\n  \\n    # Try placing at st and en\\n    valid = True\\n    for p in rs[st]:\\n        s = rel[st][p]\\n        if p == en or p == st:\\n            if s in [1, 2]:\\n                valid = False\\n        elif p < st or p > en:\\n            if s not in [2, 4]:\\n                valid = False\\n        else:\\n            if s not in [1, 3]:\\n                valid = False\\n    for p in rs[en]:\\n        s = rel[en][p]\\n        if p == st or p == en:\\n            if s in [1, 2]:\\n                valid = False\\n        elif p < st or p > en:\\n            if s not in [2, 4]:\\n                valid = False\\n        else:\\n            if s not in [1, 3]:\\n                valid = False\\n    if valid:\\n        res += solve(st + 1, pos + 1)\\n  \\n    # Try placing at st and st+1\\n    valid = True\\n    if st + 1 > en:\\n        valid = False\\n    else:\\n        for p in rs[st]:\\n            s = rel[st][p]\\n            if p == st + 1 or p == st:\\n                if s in [1, 2]:\\n                    valid = False\\n            elif p < st or p > en:\\n                if s not in [2, 4]:\\n                    valid = False\\n            else:\\n                if s not in [1, 3]:\\n                    valid = False\\n        for p in rs[st + 1]:\\n            s = rel[st + 1][p]\\n            if p == st or p == st + 1:\\n                if s in [1, 2]:\\n                    valid = False\\n            elif p < st or p > en:\\n                if s not in [2, 4]:\\n                    valid = False\\n            else:\\n                if s not in [1, 3]:\\n                    valid = False\\n    if valid:\\n        res += solve(st + 2, pos + 1)\\n  \\n    # Try placing at en-1 and en\\n    valid = True\\n    if en - 1 < st:\\n        valid = False\\n    else:\\n        for p in rs[en - 1]:\\n            s = rel[en - 1][p]\\n            if p == en or p == en - 1:\\n                if s in [1, 2]:\\n                    valid = False\\n            elif p < st or p > en:\\n                if s not in [2, 4]:\\n                    valid = False\\n            else:\\n                if s not in [1, 3]:\\n                    valid = False\\n        for p in rs[en]:\\n            s = rel[en][p]\\n            if p == en - 1 or p == en:\\n                if s in [1, 2]:\\n                    valid = False\\n            elif p < st or p > en:\\n                if s not in [2, 4]:\\n                    valid = False\\n            else:\\n                if s not in [1, 3]:\\n                    valid = False\\n    if valid:\\n        res += solve(st, pos + 1)\\n  \\n    dp[st][pos] = res\\n    return res\\n\\nfor _ in range(K):\\n    a, s, b = input().split()\\n    a = int(a)\\n    b = int(b)\\n    x = sign.index(s)\\n    rs[a].append(b)\\n    rs[b].append(a)\\n    rel[a][b] = x\\n    rel[b][a] = rev[x]\\n\\nprint(solve(1, 1))\\n```\\n\']']",step-by-step reasoning,"**Solution:**
```python
N, K = map(int, input().split())
rel = [[0] * 75 for _ in range(75)]
dp = [[-1] * 40 for _ in range(75)]
sign = [""="", ""<"", "">"", ""<="", "">=""]
rev = [0, 2, 1, 4, 3]
rs = [[] for _ in range(75)]

def solve(st, pos):
    if pos > N:
        return 1
    if dp[st][pos] != -1:
        return dp[st][pos]
    en = 2 * N - (2 * (pos - 1) - st + 1)
    res = 0
  
    # Try placing at st and en
    valid = True
    for p in rs[st]:
        s = rel[st][p]
        if p == en or p == st:
            if s in [1, 2]:
                valid = False
        elif p < st or p > en:
            if s not in [2, 4]:
                valid = False
        else:
            if s not in [1, 3]:
                valid = False
    for p in rs[en]:
        s = rel[en][p]
        if p == st or p == en:
            if s in [1, 2]:
                valid = False
        elif p < st or p > en:
            if s not in [2, 4]:
                valid = False
        else:
            if s not in [1, 3]:
                valid = False
    if valid:
        res += solve(st + 1, pos + 1)
  
    # Try placing at st and st+1
    valid = True
    if st + 1 > en:
        valid = False
    else:
        for p in rs[st]:
            s = rel[st][p]
            if p == st + 1 or p == st:
                if s in [1, 2]:
                    valid = False
            elif p < st or p > en:
                if s not in [2, 4]:
                    valid = False
            else:
                if s not in [1, 3]:
                    valid = False
        for p in rs[st + 1]:
            s = rel[st + 1][p]
            if p == st or p == st + 1:
                if s in [1, 2]:
                    valid = False
            elif p < st or p > en:
                if s not in [2, 4]:
                    valid = False
            else:
                if s not in [1, 3]:
                    valid = False
    if valid:
        res += solve(st + 2, pos + 1)
  
    # Try placing at en-1 and en
    valid = True
    if en - 1 < st:
        valid = False
    else:
        for p in rs[en - 1]:
            s = rel[en - 1][p]
            if p == en or p == en - 1:
                if s in [1, 2]:
                    valid = False
            elif p < st or p > en:
                if s not in [2, 4]:
                    valid = False
            else:
                if s not in [1, 3]:
                    valid = False
        for p in rs[en]:
            s = rel[en][p]
            if p == en - 1 or p == en:
                if s in [1, 2]:
                    valid = False
            elif p < st or p > en:
                if s not in [2, 4]:
                    valid = False
            else:
                if s not in [1, 3]:
                    valid = False
    if valid:
        res += solve(st, pos + 1)
  
    dp[st][pos] = res
    return res

for _ in range(K):
    a, s, b = input().split()
    a = int(a)
    b = int(b)
    x = sign.index(s)
    rs[a].append(b)
    rs[b].append(a)
    rel[a][b] = x
    rel[b][a] = rev[x]

print(solve(1, 1))
```
",0.09375,0.6920860279466811,0.9251177761155469,0.9999999999
"Return your final response within \boxed{}. In an isosceles triangle \(ABC\) (\(AB = BC\)), the median \(AD\) and the angle bisector \(CE\) are perpendicular. Find the measure of angle \(ADB\).","[""['**Solution:**\\n\\nGiven isosceles \\\\(\\\\triangle ABC\\\\) with \\\\(AB = BC\\\\), median \\\\(AD\\\\), and angle bisector \\\\(CE\\\\) perpendicular to each other:\\n\\n1. **Triangle Setup**:\\n   - Let \\\\(AB = BC = 2a\\\\), \\\\(D\\\\) as the midpoint of \\\\(BC\\\\) (\\\\(BD = DC = a\\\\)).\\n   - \\\\(\\\\angle C = \\\\alpha\\\\), split by \\\\(CE\\\\) into \\\\(\\\\alpha/2\\\\).\\n\\n2. **Key Relationships**:\\n   - Using the Law of Cosines in \\\\(\\\\triangle ABC\\\\):\\n     \\\\[\\n     \\\\cos \\\\alpha = \\\\frac{1}{4} \\\\implies \\\\alpha = \\\\arccos\\\\left(\\\\frac{1}{4}\\\\right).\\n     \\\\]\\n\\n3. **Trigonometric Identities**:\\n   - Compute \\\\(\\\\sin \\\\frac{\\\\alpha}{2}\\\\) and \\\\(\\\\cos \\\\frac{\\\\alpha}{2}\\\\):\\n     \\\\[\\n     \\\\sin \\\\frac{\\\\alpha}{2} = \\\\sqrt{\\\\frac{1 - \\\\cos \\\\alpha}{2}} = \\\\frac{\\\\sqrt{6}}{4}, \\\\quad \\\\cos \\\\frac{\\\\alpha}{2} = \\\\frac{\\\\sqrt{10}}{4}.\\n     \\\\]\\n\\n4. **Angle Calculation**:\\n   - \\\\(\\\\angle ADB\\\\) involves \\\\(\\\\cos(90^\\\\circ + \\\\frac{\\\\alpha}{2}) = -\\\\sin \\\\frac{\\\\alpha}{2}\\\\):\\n     \\\\[\\n     \\\\angle ADB = 180^\\\\circ - \\\\arccos\\\\left(\\\\frac{\\\\sqrt{6}}{4}\\\\right).\\n     \\\\]\\n\\n\\\\[\\n\\\\boxed{180^\\\\circ - \\\\arccos \\\\left(\\\\frac{\\\\sqrt{6}}{4}\\\\right)}\\n\\\\]\\n']""]","**Analysis:** The goal is to find the measure of \(\angle ADB\). We can use properties of triangles, including congruency, similarity, and right angles.
        
        **Approach:**
        - Draw a diagram with all given information labeled. 
        - Use triangle congruence rules (SSS or SAS) to show that \(ABC\) is similar to \(ACD\).
        - Apply the Pythagorean theorem in \(\triangle ACD\) and solve for side lengths.","**Solution:**

Given isosceles \(\triangle ABC\) with \(AB = BC\), median \(AD\), and angle bisector \(CE\) perpendicular to each other:

1. **Triangle Setup**:
   - Let \(AB = BC = 2a\), \(D\) as the midpoint of \(BC\) (\(BD = DC = a\)).
   - \(\angle C = \alpha\), split by \(CE\) into \(\alpha/2\).

2. **Key Relationships**:
   - Using the Law of Cosines in \(\triangle ABC\):
     \[
     \cos \alpha = \frac{1}{4} \implies \alpha = \arccos\left(\frac{1}{4}\right).
     \]

3. **Trigonometric Identities**:
   - Compute \(\sin \frac{\alpha}{2}\) and \(\cos \frac{\alpha}{2}\):
     \[
     \sin \frac{\alpha}{2} = \sqrt{\frac{1 - \cos \alpha}{2}} = \frac{\sqrt{6}}{4}, \quad \cos \frac{\alpha}{2} = \frac{\sqrt{10}}{4}.
     \]

4. **Angle Calculation**:
   - \(\angle ADB\) involves \(\cos(90^\circ + \frac{\alpha}{2}) = -\sin \frac{\alpha}{2}\):
     \[
     \angle ADB = 180^\circ - \arccos\left(\frac{\sqrt{6}}{4}\right).
     \]

\[
\boxed{180^\circ - \arccos \left(\frac{\sqrt{6}}{4}\right)}
\]
",0.2,0.8372387925828664,0.49316753509739153,0.9999999999
"If a man has ten sons and each has a sister ,how many childrenhe has in total. 
A: wise
B: 11
C: type
D: galoot
E: enthusiast","['[\'**Solution:**\\nThe man has **10 sons**. The statement ""each has a sister"" implies all sons share the **same sister** (since siblings are shared in a family). Therefore, there is **1 daughter**. The total number of children is **10 sons + 1 daughter = 11**. The correct answer is **B**.\\n\']']","Analysis:
            - The problem is about counting the number of people.
            - There are two groups to consider, men and women.

        Approach:
            - Start with a base case (one man has one sister).
            - Use mathematical induction to generalize for any number of sons or sisters.

        Summary:
            - For each son, add 1 woman.","**Solution:**
The man has **10 sons**. The statement ""each has a sister"" implies all sons share the **same sister** (since siblings are shared in a family). Therefore, there is **1 daughter**. The total number of children is **10 sons + 1 daughter = 11**. The correct answer is **B**.
",0.4,0.7587617755479346,0.4220183822336647,0.9999999999
"Return your final response within \boxed{}. A line has the equation \( y = mx - 50 \) for some positive integer \( m \). The line passes through the point \( (a, 0) \) for some positive integer \( a \). What is the sum of all possible values of \( m \)?","[""['**Solution:**\\n\\nGiven the line \\\\( y = mx - 50 \\\\) passing through \\\\( (a, 0) \\\\), substituting the point into the equation yields:\\n\\\\[\\n0 = ma - 50 \\\\implies ma = 50\\n\\\\]\\nSince \\\\( m \\\\) and \\\\( a \\\\) are positive integers, \\\\( m \\\\) must be a positive divisor of 50. The positive divisors of 50 are:\\n\\\\[\\n1, 2, 5, 10, 25, 50\\n\\\\]\\nSumming these divisors:\\n\\\\[\\n1 + 2 + 5 + 10 + 25 + 50 = 93\\n\\\\]\\nThus, the sum of all possible values of \\\\( m \\\\) is \\\\(\\\\boxed{93}\\\\).\\n']""]","Analysis: 
            * A line has equation y = mx - 50
            * Line passes through point (a, 0)
            * Positive integers only
        
        Approach:
            * Find value for a and use it to find the slope of the line.
        
        Summary:
            * The sum is equal to the number of possible values of m.","**Solution:**

Given the line \( y = mx - 50 \) passing through \( (a, 0) \), substituting the point into the equation yields:
\[
0 = ma - 50 \implies ma = 50
\]
Since \( m \) and \( a \) are positive integers, \( m \) must be a positive divisor of 50. The positive divisors of 50 are:
\[
1, 2, 5, 10, 25, 50
\]
Summing these divisors:
\[
1 + 2 + 5 + 10 + 25 + 50 = 93
\]
Thus, the sum of all possible values of \( m \) is \(\boxed{93}\).
",0.6,0.8705953319796367,0.45758432607399147,0.9999999999
"Return your final response within \boxed{}. Five positive integers are listed in increasing order. The difference between any two consecutive numbers in the list is three. The fifth number is a multiple of the first number. How many different such lists of five integers are there?
(A) 3
(B) 4
(C) 5
(D) 6
(E) 7","[""['**Solution:**\\n\\n1. **Define the sequence:** Let the first integer be \\\\( n \\\\). The sequence is \\\\( n, n+3, n+6, n+9, n+12 \\\\).\\n2. **Divisibility condition:** The fifth term \\\\( n+12 \\\\) must be a multiple of \\\\( n \\\\), so \\\\( \\\\frac{n+12}{n} = 1 + \\\\frac{12}{n} \\\\) must be an integer. This implies \\\\( n \\\\) is a positive divisor of 12.\\n3. **Identify divisors:** The positive divisors of 12 are 1, 2, 3, 4, 6, 12.\\n4. **Verify sequences:** Each divisor generates a unique list:\\n   - \\\\( n=1 \\\\): \\\\( 1, 4, 7, 10, 13 \\\\)\\n   - \\\\( n=2 \\\\): \\\\( 2, 5, 8, 11, 14 \\\\)\\n   - \\\\( n=3 \\\\): \\\\( 3, 6, 9, 12, 15 \\\\)\\n   - \\\\( n=4 \\\\): \\\\( 4, 7, 10, 13, 16 \\\\)\\n   - \\\\( n=6 \\\\): \\\\( 6, 9, 12, 15, 18 \\\\)\\n   - \\\\( n=12 \\\\): \\\\( 12, 15, 18, 21, 24 \\\\)\\n5. **Count valid lists:** There are 6 distinct divisors, hence 6 valid sequences.\\n\\n\\\\[\\n\\\\boxed{D}\\n\\\\]\\n']""]","Analysis: 
            - There must be at least one even and odd integer in the list.
            - The first number is either an even or odd. If it's even, then all other numbers are also even; if it's odd, then all others are odd.

        Approach:
            - Case 1 (first number is even):
                - There can be two cases: 
                    * All five integers are even.
                        + The list must start with the smallest possible integer and end with the largest. Thus there will only be one such case.
                    * Four of them are odd, while the first is even.
                        + Since all numbers in this sequence have a difference of 3 between each other, we can write down their values as:
                            - Even number: x
                            - Odd numbers: (x+1), (x+4), (x+7)
                                * The fifth integer must be the product of these three odd integers. Since they are consecutive and have a difference of 3 between each other, we can write down their values as:
                                    + First number = x
                                    + Second number = x+2
                                    + Third number = x+5

                            - Thus, the fifth integer is (x)(x+1)(x+4) which must be even. Since all numbers in this sequence have a difference of 3 between each other and we know that one of them has to be odd, then there will only be two cases:
                                * x = 2
                                    + The list would look like: {2,5,8,11,24}
                                * x = -1
                                    + The list would look like: {-1,-4,-7,-10,-30}

            - Case 2 (first number is odd):
                - There can be two cases:
                    * All five integers are even.
                        + Since all numbers in this sequence have a difference of three between each other, we know that the first integer must be either x or x+1. If it's x then there will only one case: {x,x+3,x+6,x+9}. However if its x+1 then there would also be another possible list which is {-2,-5,-8,-11}.
                    * Four of them are odd, while the first is even.
                        + Since all numbers in this sequence have a difference of 3 between each other and we know that one of them has to be odd, then there will only two cases:
                            - x = 1
                                + The list would look like: {2,5,8,11}
                            - x=-4
                                + The list would look like: {-7,-10}

        Summary: 
            There are a total of seven possible lists.","**Solution:**

1. **Define the sequence:** Let the first integer be \( n \). The sequence is \( n, n+3, n+6, n+9, n+12 \).
2. **Divisibility condition:** The fifth term \( n+12 \) must be a multiple of \( n \), so \( \frac{n+12}{n} = 1 + \frac{12}{n} \) must be an integer. This implies \( n \) is a positive divisor of 12.
3. **Identify divisors:** The positive divisors of 12 are 1, 2, 3, 4, 6, 12.
4. **Verify sequences:** Each divisor generates a unique list:
   - \( n=1 \): \( 1, 4, 7, 10, 13 \)
   - \( n=2 \): \( 2, 5, 8, 11, 14 \)
   - \( n=3 \): \( 3, 6, 9, 12, 15 \)
   - \( n=4 \): \( 4, 7, 10, 13, 16 \)
   - \( n=6 \): \( 6, 9, 12, 15, 18 \)
   - \( n=12 \): \( 12, 15, 18, 21, 24 \)
5. **Count valid lists:** There are 6 distinct divisors, hence 6 valid sequences.

\[
\boxed{D}
\]
",0.04,0.0,0.703652430528624,0.9999999999
"Return your final response within \boxed{}. Find all functions \( f: \mathbb{R} \rightarrow \mathbb{R} \) such that for all real numbers \( x \) and \( y \):

\[ 
f(x - f(y)) = 1 - x - y 
\]","[""['**Solution:**\\n\\n1. Substitute \\\\( y = 0 \\\\) into the equation:\\n   \\\\[\\n   f(x - f(0)) = 1 - x.\\n   \\\\]\\n2. Let \\\\( z = x - f(0) \\\\). Then \\\\( x = z + f(0) \\\\), so:\\n   \\\\[\\n   f(z) = 1 - (z + f(0)) \\\\implies f(z) = -z + (1 - f(0)).\\n   \\\\]\\n3. Determine \\\\( f(0) \\\\): Set \\\\( x = f(0) \\\\) and \\\\( y = 0 \\\\):\\n   \\\\[\\n   f(0) = 1 - f(0) \\\\implies 2f(0) = 1 \\\\implies f(0) = \\\\frac{1}{2}.\\n   \\\\]\\n4. Substitute \\\\( f(0) = \\\\frac{1}{2} \\\\) into \\\\( f(z) = -z + (1 - f(0)) \\\\):\\n   \\\\[\\n   f(z) = \\\\frac{1}{2} - z.\\n   \\\\]\\n5. Verify the solution \\\\( f(x) = \\\\frac{1}{2} - x \\\\):\\n   \\\\[\\n   f(x - f(y)) = f\\\\left(x - \\\\left(\\\\frac{1}{2} - y\\\\right)\\\\right) = \\\\frac{1}{2} - \\\\left(x - \\\\frac{1}{2} + y\\\\right) = 1 - x - y.\\n   \\\\]\\n\\nThus, the unique solution is:\\n\\\\[\\n\\\\boxed{f(x) = \\\\frac{1}{2} - x}\\n\\\\]\\n']""]","Analysis:
            The function is defined on the reals, so we can use any number as input. We want to find all functions that satisfy this equation.
        
        Approach: Let's try a few values of \(x\) and \(y\) to see what happens.

        Summary:

            For every value of x, there are two possible solutions for y:
                - If f(y) = 0 then the function is undefined at (x,y)
                - Otherwise we can solve for y by rearranging: 
                    \[f(x-f(y))=1-x-y\]
                    \(y=f^{-1}(1+x+f(x))\) where \(f^{-1}\) denotes the inverse of f.","**Solution:**

1. Substitute \( y = 0 \) into the equation:
   \[
   f(x - f(0)) = 1 - x.
   \]
2. Let \( z = x - f(0) \). Then \( x = z + f(0) \), so:
   \[
   f(z) = 1 - (z + f(0)) \implies f(z) = -z + (1 - f(0)).
   \]
3. Determine \( f(0) \): Set \( x = f(0) \) and \( y = 0 \):
   \[
   f(0) = 1 - f(0) \implies 2f(0) = 1 \implies f(0) = \frac{1}{2}.
   \]
4. Substitute \( f(0) = \frac{1}{2} \) into \( f(z) = -z + (1 - f(0)) \):
   \[
   f(z) = \frac{1}{2} - z.
   \]
5. Verify the solution \( f(x) = \frac{1}{2} - x \):
   \[
   f(x - f(y)) = f\left(x - \left(\frac{1}{2} - y\right)\right) = \frac{1}{2} - \left(x - \frac{1}{2} + y\right) = 1 - x - y.
   \]

Thus, the unique solution is:
\[
\boxed{f(x) = \frac{1}{2} - x}
\]
",0.1,0.0,0.47536430573729727,0.9999999999
"Return your final response within \boxed{}. The perimeter of parallelogram \( ABCD \) is 75 cm. When \( BC \) is taken as the base, the height is 14 cm. When \( CD \) is taken as the base, the height is 16 cm. Find the area of parallelogram \( ABCD \).","[""['**Solution:**\\nGiven the perimeter of parallelogram \\\\(ABCD\\\\) is 75 cm, the sum of adjacent sides \\\\(BC + CD = 37.5\\\\) cm. Since the area can be expressed as \\\\(BC \\\\times 14\\\\) or \\\\(CD \\\\times 16\\\\), we equate these to find the ratio \\\\(BC/CD = 16/14 = 8/7\\\\). Letting \\\\(BC = 8x\\\\) and \\\\(CD = 7x\\\\), substituting into \\\\(8x + 7x = 37.5\\\\) gives \\\\(x = 2.5\\\\). Thus, \\\\(BC = 20\\\\) cm and \\\\(CD = 17.5\\\\) cm. The area is \\\\(20 \\\\times 14 = 280\\\\) cm² (or \\\\(17.5 \\\\times 16 = 280\\\\) cm²). \\n\\n\\\\[\\n\\\\boxed{280 \\\\, \\\\text{cm}^2}\\n\\\\]\\n']""]","**Analysis:** The goal is to find the area of a parallelogram given its perimeter and two heights.
        
        **Approach:**
            - Calculate the length of each side using the formula for perimeter (P = 2a + 2b)
            - Use Pythagorean theorem to calculate height \( h_1 \) from base \( BC \), then use it as a known value in calculating area
            - Repeat with height \( h_2 \) and find total area
        
        **Summary:** The key points are:","**Solution:**
Given the perimeter of parallelogram \(ABCD\) is 75 cm, the sum of adjacent sides \(BC + CD = 37.5\) cm. Since the area can be expressed as \(BC \times 14\) or \(CD \times 16\), we equate these to find the ratio \(BC/CD = 16/14 = 8/7\). Letting \(BC = 8x\) and \(CD = 7x\), substituting into \(8x + 7x = 37.5\) gives \(x = 2.5\). Thus, \(BC = 20\) cm and \(CD = 17.5\) cm. The area is \(20 \times 14 = 280\) cm² (or \(17.5 \times 16 = 280\) cm²). 

\[
\boxed{280 \, \text{cm}^2}
\]
",0.0,0.8631914906296607,0.49391230581570156,0.9999999999
"Return your final response within \boxed{}. The expression \( 6 \times 111 - 2 \times 111 \) equals
(A) 222
(B) 333
(C) 444
(D) 555
(E) 666","[""['**Solution:**\\nTo solve \\\\( 6 \\\\times 111 - 2 \\\\times 111 \\\\):\\n\\n**Method 1: Direct Calculation**\\n1. Compute \\\\( 6 \\\\times 111 \\\\):\\n   \\\\[\\n   6 \\\\times 111 = 666\\n   \\\\]\\n2. Compute \\\\( 2 \\\\times 111 \\\\):\\n   \\\\[\\n   2 \\\\times 111 = 222\\n   \\\\]\\n3. Subtract the results:\\n   \\\\[\\n   666 - 222 = 444\\n   \\\\]\\n\\n**Method 2: Distributive Property**\\n1. Factor out \\\\( 111 \\\\):\\n   \\\\[\\n   (6 - 2) \\\\times 111 = 4 \\\\times 111\\n   \\\\]\\n2. Calculate \\\\( 4 \\\\times 111 \\\\):\\n   \\\\[\\n   4 \\\\times 111 = 444\\n   \\\\]\\n\\nBoth methods confirm the result is **444**, corresponding to option **C**.\\n\\n\\\\[\\n\\\\boxed{\\\\text{C}}\\n\\\\]\\n']""]","Analysis: 
            This problem is moderately complex. It involves a simple arithmetic operation (multiplication), but the numbers are large and require careful attention to avoid errors.
        
        Initial Approach:
            One approach could be to multiply each term separately, then subtract them. However, this can lead to rounding or precision issues when dealing with such large numbers.

        Reflection: 
            This method is prone to error due to potential loss of significant digits during the multiplication and subtraction steps. A more accurate solution would involve using a calculator or computer program that handles larger integers precisely.
        
        Improvement:
            Instead, we can use the distributive property to simplify the expression before performing any calculations:

                6 \times 111 - 2 \times 111 = (5 + 1) \times 111 - 2 \times 111
                    = 555 + 111 - 222 
                    = 444

        Summary:
            The correct answer is C: 444.","**Solution:**
To solve \( 6 \times 111 - 2 \times 111 \):

**Method 1: Direct Calculation**
1. Compute \( 6 \times 111 \):
   \[
   6 \times 111 = 666
   \]
2. Compute \( 2 \times 111 \):
   \[
   2 \times 111 = 222
   \]
3. Subtract the results:
   \[
   666 - 222 = 444
   \]

**Method 2: Distributive Property**
1. Factor out \( 111 \):
   \[
   (6 - 2) \times 111 = 4 \times 111
   \]
2. Calculate \( 4 \times 111 \):
   \[
   4 \times 111 = 444
   \]

Both methods confirm the result is **444**, corresponding to option **C**.

\[
\boxed{\text{C}}
\]
",0.46153846153846156,0.7924852882036688,0.3357924886113403,0.9999999999
Return your final response within \boxed{}. All natural numbers from 1 to 100 inclusive are divided into 2 groups - even and odd. Determine in which of these groups the sum of all the digits used to write the numbers is greater and by how much.,"['[""**Solution:**\\n1. **Single-digit numbers:**\\n   - Odd: \\\\(1 + 3 + 5 + 7 + 9 = 25\\\\)\\n   - Even: \\\\(2 + 4 + 6 + 8 = 20\\\\)\\n   - Difference: \\\\(25 - 20 = 5\\\\) (odd leads).\\n\\n2. **Two-digit numbers (10-99):**\\n   - **Tens digits:** Both groups have equal sums (225 each) since every ten\'s digit appears equally in even/odd numbers.\\n   - **Units digits:** For each ten\'s group (e.g., 10-19), odd units sum to \\\\(25\\\\) and even to \\\\(20\\\\). Across 9 ten\'s groups:\\n     \\\\[\\n     9 \\\\times (25 - 20) = 45\\n     \\\\]\\n   - Total two-digit difference: \\\\(+45\\\\) for odd.\\n\\n3. **Number 100:**\\n   - Adds \\\\(1 + 0 + 0 = 1\\\\) to even sum, reducing the odd lead by \\\\(1\\\\).\\n\\n**Final Calculation:**\\n\\\\[\\n5 \\\\, (\\\\text{single-digit}) + 45 \\\\, (\\\\text{two-digit}) - 1 \\\\, (\\\\text{100}) = 49\\n\\\\]\\n\\nThe sum of digits in odd numbers is greater by \\\\(\\\\boxed{49}\\\\).\\n""]']","Analysis: The problem requires us to find the group with a higher digit sum, so we need to calculate this for each number from 1-100. We can use modulo arithmetic to determine whether a given integer is even or odd.

        Approach:
            - For every natural number n in [1, 100], check if it's even (n % 2 == 0) and add its digits together.
            - If the sum of an even digit group exceeds that of the odd one, return ""Even"" as the answer. Otherwise, return ""Odd"".","**Solution:**
1. **Single-digit numbers:**
   - Odd: \(1 + 3 + 5 + 7 + 9 = 25\)
   - Even: \(2 + 4 + 6 + 8 = 20\)
   - Difference: \(25 - 20 = 5\) (odd leads).

2. **Two-digit numbers (10-99):**
   - **Tens digits:** Both groups have equal sums (225 each) since every ten's digit appears equally in even/odd numbers.
   - **Units digits:** For each ten's group (e.g., 10-19), odd units sum to \(25\) and even to \(20\). Across 9 ten's groups:
     \[
     9 \times (25 - 20) = 45
     \]
   - Total two-digit difference: \(+45\) for odd.

3. **Number 100:**
   - Adds \(1 + 0 + 0 = 1\) to even sum, reducing the odd lead by \(1\).

**Final Calculation:**
\[
5 \, (\text{single-digit}) + 45 \, (\text{two-digit}) - 1 \, (\text{100}) = 49
\]

The sum of digits in odd numbers is greater by \(\boxed{49}\).
",0.42857142857142855,0.8923490248663912,0.4257957519734227,0.9999999999
"Return your final response within \boxed{}. Find the number such that when $1108, 1453, 1844,$ and $2281$ are divided by it, they give the same remainder.","[""['**Solution:**\\nTo find a number \\\\( d \\\\) such that \\\\( 1108, 1453, 1844, \\\\) and \\\\( 2281 \\\\) leave the same remainder when divided by \\\\( d \\\\):\\n\\n1. **Compute Differences**:\\n   \\\\( 1453 - 1108 = 345 \\\\),\\n   \\\\( 1844 - 1453 = 391 \\\\),\\n   \\\\( 2281 - 1844 = 437 \\\\).\\n\\n2. **Find GCD of Differences**:\\n   Factorize the differences:\\n   \\\\( 345 = 15 \\\\times 23 \\\\),\\n   \\\\( 391 = 17 \\\\times 23 \\\\),\\n   \\\\( 437 = 19 \\\\times 23 \\\\).\\n   The GCD is \\\\( 23 \\\\).\\n\\n3. **Verify Remainders**:\\n   Dividing each original number by \\\\( 23 \\\\):\\n   \\\\( 1108 \\\\div 23 = 48 \\\\) R4,\\n   \\\\( 1453 \\\\div 23 = 63 \\\\) R4,\\n   \\\\( 1844 \\\\div 23 = 80 \\\\) R4,\\n   \\\\( 2281 \\\\div 23 = 99 \\\\) R4.\\n\\nAll numbers yield the same remainder (4), confirming \\\\( d = 23 \\\\).\\n\\nThus, the number is \\\\(\\\\boxed{23}\\\\).\\n']""]","The problem is moderately complex. I will break down my approach into several steps:
        
        **Analysis:** 
            - We need to find a number that gives the same remainder when dividing 1108, 1453, 1844 and 2281 by it.
            
        **Initial Approach:**
            - Since all numbers are divisible by $11$, we can try using this as our divisor. However, none of them give the same remainders (i.e., they have different remainder when divided by 11).
        
        **Reflection:** 
            - We need to find a number that is not only divisible by these four numbers but also gives the same remainder.
            
        **Improvement:**
            - Let's try using $2$ as our divisor. When we divide each of them, they all give remainders 0 (i.e., no remainder).
        
        **Summary:** 
            Thus, when divided by any number that is divisible by both 11 and 2, the four numbers will have same remainder.","**Solution:**
To find a number \( d \) such that \( 1108, 1453, 1844, \) and \( 2281 \) leave the same remainder when divided by \( d \):

1. **Compute Differences**:
   \( 1453 - 1108 = 345 \),
   \( 1844 - 1453 = 391 \),
   \( 2281 - 1844 = 437 \).

2. **Find GCD of Differences**:
   Factorize the differences:
   \( 345 = 15 \times 23 \),
   \( 391 = 17 \times 23 \),
   \( 437 = 19 \times 23 \).
   The GCD is \( 23 \).

3. **Verify Remainders**:
   Dividing each original number by \( 23 \):
   \( 1108 \div 23 = 48 \) R4,
   \( 1453 \div 23 = 63 \) R4,
   \( 1844 \div 23 = 80 \) R4,
   \( 2281 \div 23 = 99 \) R4.

All numbers yield the same remainder (4), confirming \( d = 23 \).

Thus, the number is \(\boxed{23}\).
",0.2,0.9104156098120931,0.5467678936192223,0.9999999999
"Return your final response within \boxed{}. The sum of the digits of a three-digit number is 18. The hundreds digit is 1 more than the tens digit, and the units digit is 2 more than the tens digit. What is this three-digit number?","[""['**Solution:**\\n1. Let the three-digit number be \\\\( \\\\overline{abc} \\\\), where \\\\( a \\\\), \\\\( b \\\\), and \\\\( c \\\\) are the hundreds, tens, and units digits, respectively.\\n2. From the problem:\\n   - \\\\( a + b + c = 18 \\\\)\\n   - \\\\( a = b + 1 \\\\) (hundreds digit is 1 more than tens)\\n   - \\\\( c = b + 2 \\\\) (units digit is 2 more than tens)\\n3. Substitute \\\\( a \\\\) and \\\\( c \\\\) into the sum equation:\\n   \\\\[\\n   (b + 1) + b + (b + 2) = 18\\n   \\\\]\\n4. Simplify:\\n   \\\\[\\n   3b + 3 = 18 \\\\implies 3b = 15 \\\\implies b = 5\\n   \\\\]\\n5. Calculate \\\\( a = 5 + 1 = 6 \\\\) and \\\\( c = 5 + 2 = 7 \\\\).\\n6. The three-digit number is \\\\( 657 \\\\).\\n\\n\\\\[\\n\\\\boxed{657}\\n\\\\]\\n']""]","**Analysis:** We are given that the sum of the digits in a three-digit number is 18.
        
        The hundreds digit is one greater than the tens digit (e.g., if the units digit was 2, then the tens digit would be 3).
        
        The units digit is two more than the tens digit. 
        
        **Approach:** We can use these constraints to solve for each of the digits.","**Solution:**
1. Let the three-digit number be \( \overline{abc} \), where \( a \), \( b \), and \( c \) are the hundreds, tens, and units digits, respectively.
2. From the problem:
   - \( a + b + c = 18 \)
   - \( a = b + 1 \) (hundreds digit is 1 more than tens)
   - \( c = b + 2 \) (units digit is 2 more than tens)
3. Substitute \( a \) and \( c \) into the sum equation:
   \[
   (b + 1) + b + (b + 2) = 18
   \]
4. Simplify:
   \[
   3b + 3 = 18 \implies 3b = 15 \implies b = 5
   \]
5. Calculate \( a = 5 + 1 = 6 \) and \( c = 5 + 2 = 7 \).
6. The three-digit number is \( 657 \).

\[
\boxed{657}
\]
",0.8,0.849112224874908,0.5053523732207931,0.9999999999
"Return your final response within \boxed{}. Alexis took a total of 243,000 steps during the 30 days in the month of April. What was her mean (average) number of steps per day in April?
(A) 7900
(B) 8100
(C) 8000
(D) 7100
(E) 8200","[""['**Solution:**\\nTo find the mean (average) number of steps per day:\\n\\n1. **Total Steps**: 243,000\\n2. **Days in April**: 30\\n3. **Calculation**:\\n   \\\\[\\n   \\\\text{Mean} = \\\\frac{243,000}{30} = 8,100\\n   \\\\]\\n   Breaking down the division:\\n   - \\\\(243,000 ÷ 10 = 24,300\\\\)\\n   - \\\\(24,300 ÷ 3 = 8,100\\\\)\\n\\nThus, the mean number of steps per day is **8,100**, corresponding to option **B**.\\n\\n\\\\[\\n\\\\boxed{B}\\n\\\\]\\n']""]","**Analysis:** The problem asks for the average daily step count. We can calculate this by dividing total steps (243,000) by number of days in April (30).
        
        **Approach:**
            - Calculate total steps.
            - Divide by 30 to get mean.

        **Summary**: Alexis took an average of \boxed{8100} steps per day during the month of April.","**Solution:**
To find the mean (average) number of steps per day:

1. **Total Steps**: 243,000
2. **Days in April**: 30
3. **Calculation**:
   \[
   \text{Mean} = \frac{243,000}{30} = 8,100
   \]
   Breaking down the division:
   - \(243,000 ÷ 10 = 24,300\)
   - \(24,300 ÷ 3 = 8,100\)

Thus, the mean number of steps per day is **8,100**, corresponding to option **B**.

\[
\boxed{B}
\]
",1.0,0.8942605160240019,0.9760361015033534,0.9999999999
"Return your final response within \boxed{}. Harry has 3 sisters and 5 brothers.  His sister Harriet has $\text{S}$ sisters and $\text{B}$ brothers.  What is the product of $\text{S}$ and $\text{B}$?
$\text{(A)}\ 8 \qquad \text{(B)}\ 10 \qquad \text{(C)}\ 12 \qquad \text{(D)}\ 15 \qquad \text{(E)}\ 18$","[""['**Solution:**\\nHarry has 3 sisters and 5 brothers, meaning there are 3 girls (including Harriet) and 6 boys (including Harry) in the family. Harriet, being one of the sisters, has \\\\( 3 - 1 = 2 \\\\) sisters (S). For brothers, the problem implicitly assumes Harriet’s brothers are Harry’s 5 brothers (excluding Harry himself), so \\\\( B = 5 \\\\). The product is \\\\( S \\\\times B = 2 \\\\times 5 = 10 \\\\). The answer is \\\\(\\\\boxed{B}\\\\).\\n*Note: This solution aligns with the given answer, though there is ambiguity in whether Harry should be counted as Harriet’s brother.*\\n']""]","Analysis: Harry has three sisters and five brothers. His sister Harriet also has S sisters and B brothers.
        
        Approach:
            - Let's start by finding the total number of siblings in both families combined, which is $3 + 5 = \boxed{8}$.

            - Next, we can find the product of $\text{S} * \text{B}$ using a simple multiplication table. The only possible combination that results in an answer between 1 and 20 (inclusive) is when S=2 and B=4.","**Solution:**
Harry has 3 sisters and 5 brothers, meaning there are 3 girls (including Harriet) and 6 boys (including Harry) in the family. Harriet, being one of the sisters, has \( 3 - 1 = 2 \) sisters (S). For brothers, the problem implicitly assumes Harriet’s brothers are Harry’s 5 brothers (excluding Harry himself), so \( B = 5 \). The product is \( S \times B = 2 \times 5 = 10 \). The answer is \(\boxed{B}\).
*Note: This solution aligns with the given answer, though there is ambiguity in whether Harry should be counted as Harriet’s brother.*
",0.16666666666666666,0.8882820498573216,0.5903647357006067,0.9999999999
Return your final response within \boxed{}. If $\frac{1}{x} + \frac{1}{y} = 3$ and $\frac{1}{x} - \frac{1}{y} = -7$ what is the value of $x + y$? Express your answer as a common fraction.,"[""['**Solution:**\\nGiven the system:\\n\\\\[\\n\\\\frac{1}{x} + \\\\frac{1}{y} = 3 \\\\quad \\\\text{and} \\\\quad \\\\frac{1}{x} - \\\\frac{1}{y} = -7,\\n\\\\]\\n1. **Add the equations** to eliminate \\\\(\\\\frac{1}{y}\\\\):\\n\\\\[\\n\\\\left(\\\\frac{1}{x} + \\\\frac{1}{y}\\\\right) + \\\\left(\\\\frac{1}{x} - \\\\frac{1}{y}\\\\right) = 3 + (-7),\\n\\\\]\\n\\\\[\\n\\\\frac{2}{x} = -4 \\\\implies \\\\frac{1}{x} = -2 \\\\implies x = -\\\\frac{1}{2}.\\n\\\\]\\n\\n2. **Subtract the second equation from the first** to eliminate \\\\(\\\\frac{1}{x}\\\\):\\n\\\\[\\n\\\\left(\\\\frac{1}{x} + \\\\frac{1}{y}\\\\right) - \\\\left(\\\\frac{1}{x} - \\\\frac{1}{y}\\\\right) = 3 - (-7),\\n\\\\]\\n\\\\[\\n\\\\frac{2}{y} = 10 \\\\implies \\\\frac{1}{y} = 5 \\\\implies y = \\\\frac{1}{5}.\\n\\\\]\\n\\n3. **Compute \\\\(x + y\\\\)**:\\n\\\\[\\nx + y = -\\\\frac{1}{2} + \\\\frac{1}{5} = -\\\\frac{5}{10} + \\\\frac{2}{10} = -\\\\frac{3}{10}.\\n\\\\]\\n\\nThe value of \\\\(x + y\\\\) is \\\\(\\\\boxed{-\\\\frac{3}{10}}\\\\).\\n']""]","Analysis: The problem involves two equations with fractions. We need to solve for x and y, then add them together.

        Approach:
            1) Multiply both sides by xy
                - $\frac{xy}{x} + \frac{xy}{y} = 3xy$
                    * This gives us $y+2=3xy$.
            2) Subtract the second equation from the first to get rid of y on one side:
                - $(\frac{x+y}{x})^2-(\frac{x-y}{x})^2=(\frac{1}{x}+\frac{1}{y})(\frac{1}{x}-\frac{1}{y})$
                    * This gives us $4=3xy$.
            3) Divide both sides by x to get rid of the fraction:
                - $\frac{x+y}{2}=3y$
                    * We can now solve for y: $y=\frac{\sqrt[3]{x}}{6}$
        Summary: The solution is $(\frac{x+\sqrt[3]{x}}{12})^2$.","**Solution:**
Given the system:
\[
\frac{1}{x} + \frac{1}{y} = 3 \quad \text{and} \quad \frac{1}{x} - \frac{1}{y} = -7,
\]
1. **Add the equations** to eliminate \(\frac{1}{y}\):
\[
\left(\frac{1}{x} + \frac{1}{y}\right) + \left(\frac{1}{x} - \frac{1}{y}\right) = 3 + (-7),
\]
\[
\frac{2}{x} = -4 \implies \frac{1}{x} = -2 \implies x = -\frac{1}{2}.
\]

2. **Subtract the second equation from the first** to eliminate \(\frac{1}{x}\):
\[
\left(\frac{1}{x} + \frac{1}{y}\right) - \left(\frac{1}{x} - \frac{1}{y}\right) = 3 - (-7),
\]
\[
\frac{2}{y} = 10 \implies \frac{1}{y} = 5 \implies y = \frac{1}{5}.
\]

3. **Compute \(x + y\)**:
\[
x + y = -\frac{1}{2} + \frac{1}{5} = -\frac{5}{10} + \frac{2}{10} = -\frac{3}{10}.
\]

The value of \(x + y\) is \(\boxed{-\frac{3}{10}}\).
",0.25,0.8319037341030151,0.38880987646965914,0.9999999999
"Return your final response within \boxed{}. We can write
\[\sum_{k = 1}^{100} (-1)^k \cdot \frac{k^2 + k + 1}{k!} = \frac{a}{b!} - c,\]where $a,$ $b,$ and $c$ are positive integers.  Find the smallest possible value of $a + b + c.$","[""['**Solution:**\\nTo solve \\\\(\\\\sum_{k = 1}^{100} (-1)^k \\\\cdot \\\\frac{k^2 + k + 1}{k!}\\\\), we observe that the general term can be written as a telescoping difference:\\n\\\\[\\n(-1)^k \\\\cdot \\\\frac{k^2 + k + 1}{k!} = (-1)^k \\\\left( \\\\frac{k + 1}{k!} + \\\\frac{1}{k!} \\\\right).\\n\\\\]\\nBy defining \\\\(T_k = (-1)^k \\\\cdot \\\\frac{k + 1}{k!}\\\\), the series becomes:\\n\\\\[\\n\\\\sum_{k=1}^{100} (T_k - T_{k-1}) = T_{100} - T_0,\\n\\\\]\\nwhere \\\\(T_0 = 1\\\\). This simplifies to:\\n\\\\[\\nS_{100} = (-1)^{100} \\\\cdot \\\\frac{101}{100!} - 1 = \\\\frac{101}{100!} - 1.\\n\\\\]\\nThus, \\\\(a = 101\\\\), \\\\(b = 100\\\\), and \\\\(c = 1\\\\), giving \\\\(a + b + c = 101 + 100 + 1 = \\\\boxed{202}\\\\).\\n']""]","Analysis: The problem is moderately complex, so I will use a combination of direct solution methods and preliminary solutions to evaluate pros/cons.
        
        Approach:
            - Use mathematical induction on k from 1 to 100. 
                * Base case (k = 1): (-1)^1 \cdot (\frac{1^2 + 1 + 1}{1!}) = -\frac{3}{1} = -3
                    ** This is the correct answer, so we can conclude that a=3 and b=c=0.
            * Inductive step: Assume true for k=n. Then,
                (-1)^(n+1)\cdot(\frac{(n+1)^2 + (n+1)+ 1}{(n+1)!}) = -\frac{((n^2+n)+(n+1))}{(n+1)(n!)} 
                    ** This is the correct answer, so we can conclude that a=3 and b=c=0.
            * Thus, by mathematical induction, our solution holds for all k from 1 to 100. 
        
        Summary: The final solution key points are:
            - Use mathematical induction on k from 1 to 100
                + Base case (k = 1): (-1)^1 \cdot (\frac{1^2 + 1 + 1}{1!}) = -\frac{3}{1} = -3 
                    ** This is the correct answer, so we can conclude that a=3 and b=c=0.
                + Inductive step: Assume true for k=n. Then,
                    (-1)^(n+1)\cdot(\frac{(n+1)^2 + (n+1)+ 1}{(n+1)!}) = -\frac{((n^2+n)+(n+1))}{(n+1)(n!)} 
                        ** This is the correct answer, so we can conclude that a=3 and b=c=0.
                + Thus, by mathematical induction, our solution holds for all k from 1 to 100.","**Solution:**
To solve \(\sum_{k = 1}^{100} (-1)^k \cdot \frac{k^2 + k + 1}{k!}\), we observe that the general term can be written as a telescoping difference:
\[
(-1)^k \cdot \frac{k^2 + k + 1}{k!} = (-1)^k \left( \frac{k + 1}{k!} + \frac{1}{k!} \right).
\]
By defining \(T_k = (-1)^k \cdot \frac{k + 1}{k!}\), the series becomes:
\[
\sum_{k=1}^{100} (T_k - T_{k-1}) = T_{100} - T_0,
\]
where \(T_0 = 1\). This simplifies to:
\[
S_{100} = (-1)^{100} \cdot \frac{101}{100!} - 1 = \frac{101}{100!} - 1.
\]
Thus, \(a = 101\), \(b = 100\), and \(c = 1\), giving \(a + b + c = 101 + 100 + 1 = \boxed{202}\).
",0.625,0.7389469333190436,0.22812305783839468,0.9999999999
"Return your final response within \boxed{}. Let \(\alpha\) and \(\beta\) be the roots of \(x^{2}-4x+c=0\), where \(c\) is a real number. If \(-\alpha\) is a root of \(x^{2}+4x-c=0\), find the value of \(\alpha\beta\).","['[""**Solution:**\\n1. From the quadratic equation \\\\(x^2 - 4x + c = 0\\\\), Vieta\'s formulas give:\\n   \\\\[\\n   \\\\alpha + \\\\beta = 4 \\\\quad \\\\text{and} \\\\quad \\\\alpha\\\\beta = c\\n   \\\\]\\n\\n2. Since \\\\(-\\\\alpha\\\\) is a root of \\\\(x^2 + 4x - c = 0\\\\), substituting \\\\(x = -\\\\alpha\\\\) yields:\\n   \\\\[\\n   (-\\\\alpha)^2 + 4(-\\\\alpha) - c = 0 \\\\implies \\\\alpha^2 - 4\\\\alpha - c = 0\\n   \\\\]\\n\\n3. From the first equation, substituting \\\\(\\\\alpha\\\\) gives:\\n   \\\\[\\n   \\\\alpha^2 - 4\\\\alpha + c = 0\\n   \\\\]\\n\\n4. Equate the two expressions for \\\\(\\\\alpha^2 - 4\\\\alpha\\\\):\\n   \\\\[\\n   \\\\alpha^2 - 4\\\\alpha + c = \\\\alpha^2 - 4\\\\alpha - c \\\\implies 2c = 0 \\\\implies c = 0\\n   \\\\]\\n\\n5. Since \\\\(\\\\alpha\\\\beta = c\\\\), substituting \\\\(c = 0\\\\) gives:\\n   \\\\[\\n   \\\\alpha\\\\beta = 0\\n   \\\\]\\n\\n**Answer:**\\n\\\\[\\n\\\\boxed{0}\\n\\\\]\\n""]']","Analysis: The problem involves quadratic equations with roots related to each other.
        
        Approach:
            - Solve for c in terms of alpha and beta
            - Substitute into second equation
        
        Summary: We will solve for c, then substitute it back into the first equation. This gives us a linear system that we can easily solve using substitution or elimination methods.","**Solution:**
1. From the quadratic equation \(x^2 - 4x + c = 0\), Vieta's formulas give:
   \[
   \alpha + \beta = 4 \quad \text{and} \quad \alpha\beta = c
   \]

2. Since \(-\alpha\) is a root of \(x^2 + 4x - c = 0\), substituting \(x = -\alpha\) yields:
   \[
   (-\alpha)^2 + 4(-\alpha) - c = 0 \implies \alpha^2 - 4\alpha - c = 0
   \]

3. From the first equation, substituting \(\alpha\) gives:
   \[
   \alpha^2 - 4\alpha + c = 0
   \]

4. Equate the two expressions for \(\alpha^2 - 4\alpha\):
   \[
   \alpha^2 - 4\alpha + c = \alpha^2 - 4\alpha - c \implies 2c = 0 \implies c = 0
   \]

5. Since \(\alpha\beta = c\), substituting \(c = 0\) gives:
   \[
   \alpha\beta = 0
   \]

**Answer:**
\[
\boxed{0}
\]
",0.7142857142857143,0.8021631820855278,0.6518742855177782,0.9999999999
"Return your final response within \boxed{}. Arrange the numbers \( 222^{2}, 22^{22}, 2^{222} \) in ascending order.","[""['**Solution:**\\nTo arrange \\\\(222^2\\\\), \\\\(22^{22}\\\\), and \\\\(2^{222}\\\\) in ascending order:\\n\\n1. **Compare \\\\(222^2\\\\) and \\\\(22^{22}\\\\):**\\n   - \\\\(222^2 = 49,284\\\\).\\n   - \\\\(22^{22}\\\\) is exponentially larger. For example, \\\\(22^{10} \\\\approx 2.65 \\\\times 10^{13}\\\\), so \\\\(22^{22} \\\\approx (2.65 \\\\times 10^{13})^2 \\\\times 22^2 \\\\approx 3.39 \\\\times 10^{29} \\\\), vastly exceeding \\\\(49,284\\\\).\\n   - Thus, \\\\(222^2 < 22^{22}\\\\).\\n\\n2. **Compare \\\\(22^{22}\\\\) and \\\\(2^{222}\\\\):**\\n   - Using logarithms: \\\\(\\\\ln(22^{22}) = 22 \\\\ln(22) \\\\approx 68.0\\\\), while \\\\(\\\\ln(2^{222}) = 222 \\\\ln(2) \\\\approx 153.8\\\\).\\n   - Since \\\\(153.8 > 68.0\\\\), \\\\(2^{222} > 22^{22}\\\\).\\n\\n3. **Combine results:**\\n   - \\\\(222^2 < 22^{22} < 2^{222}\\\\).\\n\\n\\\\[\\n\\\\boxed{222^{2} < 22^{22} < 2^{222}}\\n\\\\]\\n']""]","Analysis: The goal is to arrange three large exponents of two from smallest to largest. 
        Approach:
            - First, we can simplify each expression by applying the power rule for powers with same base and different exponent (e.g., \(a^m \cdot a^n = a^{(m+n)}\)). This will reduce our expressions into simpler forms.
            - Next, we need to compare these simplified exponents. We know that when comparing two numbers in ascending order, the number on top is always larger than or equal to its counterpart below it (e.g., \(a \geq b\) implies \(b < a\)). Therefore, if one expression has more terms after simplification compared to another, then we can conclude which term comes first.
            - Finally, since all three expressions have two as their base and the exponents are increasing in size from left to right (i.e., 2^222 > 22^22 > 222^2), we know that our final answer is \boxed{2^{222}, 22^{22}, 222^2}.","**Solution:**
To arrange \(222^2\), \(22^{22}\), and \(2^{222}\) in ascending order:

1. **Compare \(222^2\) and \(22^{22}\):**
   - \(222^2 = 49,284\).
   - \(22^{22}\) is exponentially larger. For example, \(22^{10} \approx 2.65 \times 10^{13}\), so \(22^{22} \approx (2.65 \times 10^{13})^2 \times 22^2 \approx 3.39 \times 10^{29} \), vastly exceeding \(49,284\).
   - Thus, \(222^2 < 22^{22}\).

2. **Compare \(22^{22}\) and \(2^{222}\):**
   - Using logarithms: \(\ln(22^{22}) = 22 \ln(22) \approx 68.0\), while \(\ln(2^{222}) = 222 \ln(2) \approx 153.8\).
   - Since \(153.8 > 68.0\), \(2^{222} > 22^{22}\).

3. **Combine results:**
   - \(222^2 < 22^{22} < 2^{222}\).

\[
\boxed{222^{2} < 22^{22} < 2^{222}}
\]
",0.2,0.8120277712207501,0.29824631124540785,0.9999999999
"Return your final response within \boxed{}. Let \( f \) be an increasing function from \(\mathbf{R}\) to \(\mathbf{R}\) such that for any \( x \in \mathbf{R} \), \( f(x) = f^{-1}(x) \) (here \( f^{-1}(x) \) is the inverse function of \( f(x) \)). Prove that for any \( x \in \mathbf{R} \), \( f(x) = x \).","[""['**Solution:**\\nAssume \\\\( f \\\\) is increasing and \\\\( f(x) = f^{-1}(x) \\\\) for all \\\\( x \\\\in \\\\mathbf{R} \\\\). By definition of inverse functions, \\\\( f(f(x)) = x \\\\). Suppose, for contradiction, there exists \\\\( x_0 \\\\) such that \\\\( f(x_0) \\\\neq x_0 \\\\).\\n\\n1. **Case 1:** \\\\( f(x_0) > x_0 \\\\).\\n   Since \\\\( f \\\\) is increasing, applying \\\\( f \\\\) to both sides gives \\\\( f(f(x_0)) > f(x_0) \\\\). But \\\\( f(f(x_0)) = x_0 \\\\), so \\\\( x_0 > f(x_0) \\\\), contradicting \\\\( f(x_0) > x_0 \\\\).\\n\\n2. **Case 2:** \\\\( f(x_0) < x_0 \\\\).\\n   Similarly, applying \\\\( f \\\\) gives \\\\( f(f(x_0)) < f(x_0) \\\\). Since \\\\( f(f(x_0)) = x_0 \\\\), this implies \\\\( x_0 < f(x_0) \\\\), contradicting \\\\( f(x_0) < x_0 \\\\).\\n\\nBoth cases lead to contradictions, so no such \\\\( x_0 \\\\) exists. Hence, \\\\( f(x) = x \\\\) for all \\\\( x \\\\in \\\\mathbf{R} \\\\).\\n\\n\\\\[\\n\\\\boxed{f(x) = x}\\n\\\\]\\n']""]","The problem asks to prove a statement about an increasing function $f$ such that its value at every point is equal to the inverse of itself. This suggests using properties of inverses and monotonicity.
        
        **Analysis:** We need to show that for any real number x, f(x) = x.

        **Approach:**
            - Use the definition of an increasing function
                - If $x_1 < x_2$, then $f(x_1) \leq f(x_2)$.
            - Apply this property with $y=f^{-1}(x)$ and $z=x$:
                - Since $f(y)=y$, we have: 
                    $$ y = f(f^{-1}(x))$$
                - By the definition of an inverse function, if $f(a) = b$, then $a = f(b)$.
                - Therefore,
                    $$ x=f(x).$$

        **Summary:** We've shown that for any real number $x$:
            1. If $y=f^{-1}(x)$ and $z=x$, we have: 
                $$ y = f(f^{-1}(x))=f(z) \leq z.$$
            2. By the definition of an inverse function, if $a=b$, then $b=a$.
            Therefore,
                $$ x=f(x).$$","**Solution:**
Assume \( f \) is increasing and \( f(x) = f^{-1}(x) \) for all \( x \in \mathbf{R} \). By definition of inverse functions, \( f(f(x)) = x \). Suppose, for contradiction, there exists \( x_0 \) such that \( f(x_0) \neq x_0 \).

1. **Case 1:** \( f(x_0) > x_0 \).
   Since \( f \) is increasing, applying \( f \) to both sides gives \( f(f(x_0)) > f(x_0) \). But \( f(f(x_0)) = x_0 \), so \( x_0 > f(x_0) \), contradicting \( f(x_0) > x_0 \).

2. **Case 2:** \( f(x_0) < x_0 \).
   Similarly, applying \( f \) gives \( f(f(x_0)) < f(x_0) \). Since \( f(f(x_0)) = x_0 \), this implies \( x_0 < f(x_0) \), contradicting \( f(x_0) < x_0 \).

Both cases lead to contradictions, so no such \( x_0 \) exists. Hence, \( f(x) = x \) for all \( x \in \mathbf{R} \).

\[
\boxed{f(x) = x}
\]
",1.0,0.8521251357563693,0.40618772293178784,0.9999999999
Return your final response within \boxed{}. Two planes \( M \) and \( N \) intersect at an angle \( \theta \). The orthogonal projection of a circle in plane \( M \) onto plane \( N \) is an ellipse. Its eccentricity is equal to \(\qquad\).,"[""['**Solution:**\\nWhen a circle of radius \\\\(a\\\\) in plane \\\\(M\\\\) is orthogonally projected onto plane \\\\(N\\\\) (intersecting at angle \\\\(\\\\theta\\\\)), the projection forms an ellipse. The semi-major axis \\\\(a\\\\) remains unchanged, while the semi-minor axis \\\\(b\\\\) becomes \\\\(a\\\\cos\\\\theta\\\\) due to foreshortening. The eccentricity \\\\(e\\\\) of an ellipse is given by:\\n\\n\\\\[\\ne = \\\\sqrt{1 - \\\\left(\\\\frac{b}{a}\\\\right)^2}\\n\\\\]\\n\\nSubstituting \\\\(b = a\\\\cos\\\\theta\\\\):\\n\\n\\\\[\\ne = \\\\sqrt{1 - \\\\cos^2\\\\theta} = \\\\sin\\\\theta\\n\\\\]\\n\\nThus, the eccentricity of the projected ellipse is \\\\(\\\\boxed{\\\\sin \\\\theta}\\\\).\\n']""]","**Analysis:** Two planes, one with the equation $M$ and another with the equation $N$, intersect at angle $\theta$. The orthogonal projection of a circle in plane M onto plane N results in an ellipse. We need to find its eccentricity.
        
        **Approach:**
            - Find the equations for both circles
            - Calculate their intersection points (2)
            - Use those two points as foci and calculate the equation of the ellipse using $x^2/a^2 + y^2/b^2 = 1$","**Solution:**
When a circle of radius \(a\) in plane \(M\) is orthogonally projected onto plane \(N\) (intersecting at angle \(\theta\)), the projection forms an ellipse. The semi-major axis \(a\) remains unchanged, while the semi-minor axis \(b\) becomes \(a\cos\theta\) due to foreshortening. The eccentricity \(e\) of an ellipse is given by:

\[
e = \sqrt{1 - \left(\frac{b}{a}\right)^2}
\]

Substituting \(b = a\cos\theta\):

\[
e = \sqrt{1 - \cos^2\theta} = \sin\theta
\]

Thus, the eccentricity of the projected ellipse is \(\boxed{\sin \theta}\).
",0.375,0.9069486355785666,0.3866736166136763,0.9999999999
"What is the expected rate of gravitational wave detections per year by future observatories, and how does this compare to the current rate of detections? What advancements in technology will contribute to future detections, and how might these advancements impact our understanding of the universe?","[""['**Solution:**\\nThe expected gravitational wave detection rate will surge from the current ~50–100/year (LIGO/Virgo) to hundreds or thousands/year with future observatories. Current detectors, like LIGO, achieve ~1–2 detections/month during observing runs, while future upgrades (e.g., LIGO-A+, Cosmic Explorer) will improve sensitivity by 5–10×, expanding the observable volume of the universe by 100–1000× and thus detection rates. Space-based LISA (2030s) will detect low-frequency waves from supermassive black hole mergers, adding ~10s–100s/year.\\n\\n**Key Technological Advancements:**\\n1. **Sensitivity:** Quantum squeezing and larger interferometers (e.g., 40km arms in Cosmic Explorer vs. LIGO’s 4km) reduce noise, enabling detection of weaker signals.\\n2. **Frequency Range:** LISA (0.1 mHz–100 mHz) complements ground-based detectors (10 Hz–10 kHz), accessing new sources like Milky Way binaries and massive black hole mergers.\\n3. **Data Analysis:** Machine learning and distributed computing accelerate signal processing, reducing latency from weeks to minutes for real-time alerts.\\n4. **Global Network:** LIGO-India and Virgo improve sky localization (≤10 arcmin² vs. ~100 arcmin²), aiding electromagnetic follow-up.\\n\\n**Scientific Impact:**\\n- **Population Statistics:** Large datasets will reveal black hole/neutron star mass distributions and merger rates.\\n- **Multi-Messenger Astronomy:** Precise localization enables coordinated observations of kilonovae, gamma-ray bursts, and neutrino emissions.\\n- **Fundamental Physics:** Extreme-gravity tests (e.g., black hole ringdowns) could uncover deviations from general relativity.\\n- **Cosmology:** LISA may detect primordial gravitational waves, probing the early universe’s inflation era.\\nThese advancements will transform gravitational wave astronomy from a discovery phase into a routine observational tool, revolutionizing our understanding of cosmic structure and dynamics.\\n']""]","The problem involves analyzing trends in gravitational wave detection rates over time. It requires assessing existing data on past observations, considering technological advances that could improve sensitivity, and estimating potential improvements.
        
        **Analysis:**
            - Current rate of detections is low but increasing
            - Future observatories will have improved sensitivity due to advancements like LIGO upgrades
        
        **Approach:** 
            - Analyze historical trends in detection rates over time (e.g., using a graph)
            - Consider technological advances that could improve sensitivity, such as increased detector size or better signal processing algorithms
            
        **Summary:**
            The current rate of gravitational wave detections is low but increasing. Future observatories will have improved sensitivity due to advancements like LIGO upgrades.","**Solution:**
The expected gravitational wave detection rate will surge from the current ~50–100/year (LIGO/Virgo) to hundreds or thousands/year with future observatories. Current detectors, like LIGO, achieve ~1–2 detections/month during observing runs, while future upgrades (e.g., LIGO-A+, Cosmic Explorer) will improve sensitivity by 5–10×, expanding the observable volume of the universe by 100–1000× and thus detection rates. Space-based LISA (2030s) will detect low-frequency waves from supermassive black hole mergers, adding ~10s–100s/year.

**Key Technological Advancements:**
1. **Sensitivity:** Quantum squeezing and larger interferometers (e.g., 40km arms in Cosmic Explorer vs. LIGO’s 4km) reduce noise, enabling detection of weaker signals.
2. **Frequency Range:** LISA (0.1 mHz–100 mHz) complements ground-based detectors (10 Hz–10 kHz), accessing new sources like Milky Way binaries and massive black hole mergers.
3. **Data Analysis:** Machine learning and distributed computing accelerate signal processing, reducing latency from weeks to minutes for real-time alerts.
4. **Global Network:** LIGO-India and Virgo improve sky localization (≤10 arcmin² vs. ~100 arcmin²), aiding electromagnetic follow-up.

**Scientific Impact:**
- **Population Statistics:** Large datasets will reveal black hole/neutron star mass distributions and merger rates.
- **Multi-Messenger Astronomy:** Precise localization enables coordinated observations of kilonovae, gamma-ray bursts, and neutrino emissions.
- **Fundamental Physics:** Extreme-gravity tests (e.g., black hole ringdowns) could uncover deviations from general relativity.
- **Cosmology:** LISA may detect primordial gravitational waves, probing the early universe’s inflation era.
These advancements will transform gravitational wave astronomy from a discovery phase into a routine observational tool, revolutionizing our understanding of cosmic structure and dynamics.
",0.75,0.8827779936328888,0.35974795562499823,0.9999999999
"Return your final response within \boxed{}. Let $P$ be a polynomial with integer coefficients. Let $n$ be an odd integer and $x_{1}, x_{2}, \ldots, x_{n}$ a set of $n$ integers such that $P\left(x_{1}\right)=x_{2}, P\left(x_{2}\right)=x_{3}, \ldots, P\left(x_{n}\right)=x_{1}$. Show that all $x_{i}$ are equal.","[""['**Solution:**\\n1. Consider the cyclic sequence \\\\( x_1, x_2, \\\\ldots, x_n \\\\) with \\\\( P(x_i) = x_{i+1} \\\\) (indices modulo \\\\( n \\\\)). \\n2. Since \\\\( P \\\\) has integer coefficients, \\\\( x_{i+1} - x_i \\\\mid P(x_i) - P(x_{i+1}) = x_{i+2} - x_{i+1} \\\\). This creates a chain \\\\( x_2 - x_1 \\\\mid x_3 - x_2 \\\\mid \\\\cdots \\\\mid x_1 - x_n \\\\).\\n3. All differences \\\\( |x_{i+1} - x_i| \\\\) must be equal (denote as \\\\( a \\\\)), as each divides the next in the cycle. Thus, \\\\( x_{i+1} = x_i + a\\\\varepsilon_i \\\\) where \\\\( \\\\varepsilon_i \\\\in \\\\{-1, 1\\\\} \\\\).\\n4. Summing over all \\\\( i \\\\): \\\\( \\\\sum_{i=1}^n (x_{i+1} - x_i) = x_1 - x_1 = 0 \\\\). This simplifies to \\\\( a \\\\sum_{i=1}^n \\\\varepsilon_i = 0 \\\\).\\n5. Since \\\\( n \\\\) is odd, \\\\( \\\\sum_{i=1}^n \\\\varepsilon_i \\\\) (an odd number of ±1 terms) cannot be zero. Hence, \\\\( a = 0 \\\\), forcing \\\\( x_{i+1} = x_i \\\\) for all \\\\( i \\\\).\\n6. Therefore, all \\\\( x_i \\\\) are equal.\\n\\n\\\\[\\n\\\\boxed{x_1 = x_2 = \\\\cdots = x_n}\\n\\\\]\\n']""]",Parsing Error,"**Solution:**
1. Consider the cyclic sequence \( x_1, x_2, \ldots, x_n \) with \( P(x_i) = x_{i+1} \) (indices modulo \( n \)). 
2. Since \( P \) has integer coefficients, \( x_{i+1} - x_i \mid P(x_i) - P(x_{i+1}) = x_{i+2} - x_{i+1} \). This creates a chain \( x_2 - x_1 \mid x_3 - x_2 \mid \cdots \mid x_1 - x_n \).
3. All differences \( |x_{i+1} - x_i| \) must be equal (denote as \( a \)), as each divides the next in the cycle. Thus, \( x_{i+1} = x_i + a\varepsilon_i \) where \( \varepsilon_i \in \{-1, 1\} \).
4. Summing over all \( i \): \( \sum_{i=1}^n (x_{i+1} - x_i) = x_1 - x_1 = 0 \). This simplifies to \( a \sum_{i=1}^n \varepsilon_i = 0 \).
5. Since \( n \) is odd, \( \sum_{i=1}^n \varepsilon_i \) (an odd number of ±1 terms) cannot be zero. Hence, \( a = 0 \), forcing \( x_{i+1} = x_i \) for all \( i \).
6. Therefore, all \( x_i \) are equal.

\[
\boxed{x_1 = x_2 = \cdots = x_n}
\]
",0.0,0.0,0.1641064688890923,0.9999999999
"Return your final response within \boxed{}. Let \( a \) be a nonzero real number. In the Cartesian coordinate plane \( xOy \), the focal distance of the conic section \( x^2 + a y^2 + a^2 = 0 \) is 4. Find the value of \( a \).","[""['**Solution:**\\nGiven the conic section equation \\\\(x^2 + a y^2 + a^2 = 0\\\\), we first recognize that for real solutions, \\\\(a\\\\) must be negative. Rewriting the equation as \\\\(x^2 + a y^2 = -a^2\\\\) and dividing by \\\\(-a^2\\\\) gives:\\n\\\\[\\n\\\\frac{y^2}{-a} - \\\\frac{x^2}{a^2} = 1\\n\\\\]\\nThis represents a hyperbola. Let \\\\(a = -k\\\\) (\\\\(k > 0\\\\)), simplifying to:\\n\\\\[\\n\\\\frac{y^2}{k} - \\\\frac{x^2}{k^2} = 1\\n\\\\]\\nFor hyperbolas, \\\\(c^2 = a^2 + b^2\\\\). Here, \\\\(a^2 = k\\\\) and \\\\(b^2 = k^2\\\\). Given the focal distance \\\\(2c = 4\\\\), \\\\(c = 2\\\\), so:\\n\\\\[\\nc^2 = k + k^2 \\\\implies 4 = k + k^2 \\\\implies k^2 + k - 4 = 0\\n\\\\]\\nSolving the quadratic equation:\\n\\\\[\\nk = \\\\frac{-1 \\\\pm \\\\sqrt{1 + 16}}{2} = \\\\frac{-1 \\\\pm \\\\sqrt{17}}{2}\\n\\\\]\\nSince \\\\(k > 0\\\\), \\\\(k = \\\\frac{\\\\sqrt{17} - 1}{2}\\\\). Thus, \\\\(a = -k = \\\\frac{1 - \\\\sqrt{17}}{2}\\\\).\\n\\n\\\\[\\n\\\\boxed{\\\\frac{1 - \\\\sqrt{17}}{2}}\\n\\\\]\\n']""]","The problem can be solved by first analyzing the equation and then applying appropriate transformations to simplify it.
        
        **Analysis:**
            - The given conic section has an eccentricity greater than one, indicating that it is not a circle. This means we cannot use standard methods for solving circles.

        **Approach:** 
            - We can apply algebraic manipulations to transform the equation into a simpler form by completing the square.","**Solution:**
Given the conic section equation \(x^2 + a y^2 + a^2 = 0\), we first recognize that for real solutions, \(a\) must be negative. Rewriting the equation as \(x^2 + a y^2 = -a^2\) and dividing by \(-a^2\) gives:
\[
\frac{y^2}{-a} - \frac{x^2}{a^2} = 1
\]
This represents a hyperbola. Let \(a = -k\) (\(k > 0\)), simplifying to:
\[
\frac{y^2}{k} - \frac{x^2}{k^2} = 1
\]
For hyperbolas, \(c^2 = a^2 + b^2\). Here, \(a^2 = k\) and \(b^2 = k^2\). Given the focal distance \(2c = 4\), \(c = 2\), so:
\[
c^2 = k + k^2 \implies 4 = k + k^2 \implies k^2 + k - 4 = 0
\]
Solving the quadratic equation:
\[
k = \frac{-1 \pm \sqrt{1 + 16}}{2} = \frac{-1 \pm \sqrt{17}}{2}
\]
Since \(k > 0\), \(k = \frac{\sqrt{17} - 1}{2}\). Thus, \(a = -k = \frac{1 - \sqrt{17}}{2}\).

\[
\boxed{\frac{1 - \sqrt{17}}{2}}
\]
",0.8571428571428571,0.8141757133806518,0.45614952814336596,0.9999999999
"Return your final response within \boxed{}. In the list \( 2, x, y, 5 \), the sum of any two adjacent numbers is constant. The value of \( x-y \) is
(A) 1
(B) -3
(C) 3
(D) -1
(E) 0","[""['**Solution:**\\nGiven the list \\\\( 2, x, y, 5 \\\\) with a constant sum for any two adjacent numbers, let the constant sum be \\\\( k \\\\). The equations derived are:\\n\\\\[\\n2 + x = k \\\\quad (1), \\\\quad x + y = k \\\\quad (2), \\\\quad y + 5 = k \\\\quad (3).\\n\\\\]\\nFrom \\\\( 2 + x = x + y \\\\), subtracting \\\\( x \\\\) gives \\\\( y = 2 \\\\). Substituting \\\\( y = 2 \\\\) into equation (3):\\n\\\\[\\n2 + 5 = k \\\\implies k = 7.\\n\\\\]\\nUsing \\\\( k = 7 \\\\) in equation (1):\\n\\\\[\\n2 + x = 7 \\\\implies x = 5.\\n\\\\]\\nThus, \\\\( x - y = 5 - 2 = 3 \\\\). The answer is \\\\(\\\\boxed{C}\\\\).\\n']""]","Analysis: 
            * We are given a list with four elements, and we need to find the sum of any two adjacent numbers.
        
        Approach:
            * The first step is to identify which pairs of adjacent numbers have constant sums. For example, in the list \( 2, x, y, 5 \), if we take the pair (2,x) then their sum will be equal to x+2 and similarly for other pairs as well.
        
        Summary:
            * The key takeaway is that any two adjacent elements of a given sequence have constant sums. This means that in order to find out which option has this property, all we need to do is check whether the difference between each pair of consecutive numbers remains same throughout or not.","**Solution:**
Given the list \( 2, x, y, 5 \) with a constant sum for any two adjacent numbers, let the constant sum be \( k \). The equations derived are:
\[
2 + x = k \quad (1), \quad x + y = k \quad (2), \quad y + 5 = k \quad (3).
\]
From \( 2 + x = x + y \), subtracting \( x \) gives \( y = 2 \). Substituting \( y = 2 \) into equation (3):
\[
2 + 5 = k \implies k = 7.
\]
Using \( k = 7 \) in equation (1):
\[
2 + x = 7 \implies x = 5.
\]
Thus, \( x - y = 5 - 2 = 3 \). The answer is \(\boxed{C}\).
",0.5714285714285714,0.7994759011935748,0.3900126028189134,0.9999999999
Return your final response within \boxed{}. Let \( f(x) \) be a function such that \( f(n) = (n-1) f(n-1) \) and \( f(1) \neq 0 \).,"[""['**Solution:**\\n1. The recursive relation \\\\( f(n) = (n-1)f(n-1) \\\\) with \\\\( f(1) \\\\neq 0 \\\\) implies \\\\( f(n) = (n-1)! \\\\cdot f(1) \\\\).\\n2. Substitute into \\\\( S = \\\\frac{f(R)}{(R-1)f(R-3)} \\\\):\\n   \\\\[\\n   S = \\\\frac{(R-1)! \\\\cdot f(1)}{(R-1) \\\\cdot (R-4)! \\\\cdot f(1)} = \\\\frac{(R-1)(R-2)(R-3)(R-4)!}{(R-1)(R-4)!} = (R-2)(R-3).\\n   \\\\]\\n3. For \\\\( R = 11 \\\\), \\\\( S = (11-2)(11-3) = 9 \\\\cdot 8 = 72 \\\\).\\n\\nConclusion:\\n\\\\[\\n\\\\boxed{72}\\n\\\\]\\n']""]","Analysis: The problem is moderately complex. We need to find the value of $f(x)$ for some given integer x.
        
        Initial Approach:
            - Let's try a few values of n, such as 2 and 3
                f(1) = (1-1)f(0)
                    => f(1)=0
        
                f(2)=(2-1)*f(1)
                    => f(2)=(-1)*(0)
                        => f(2)=0
                
            - We can see that the function is decreasing by 1 for each value of n.
        
        Reflection:
            - The pattern seems to be consistent, but we need more evidence before making a conclusion. Let's try some larger values","**Solution:**
1. The recursive relation \( f(n) = (n-1)f(n-1) \) with \( f(1) \neq 0 \) implies \( f(n) = (n-1)! \cdot f(1) \).
2. Substitute into \( S = \frac{f(R)}{(R-1)f(R-3)} \):
   \[
   S = \frac{(R-1)! \cdot f(1)}{(R-1) \cdot (R-4)! \cdot f(1)} = \frac{(R-1)(R-2)(R-3)(R-4)!}{(R-1)(R-4)!} = (R-2)(R-3).
   \]
3. For \( R = 11 \), \( S = (11-2)(11-3) = 9 \cdot 8 = 72 \).

Conclusion:
\[
\boxed{72}
\]
",0.08333333333333333,0.0,0.1993647406621988,0.9999999999
"Return your final response within \boxed{}. Let $z$ be a complex number such that $|z - 5 - i| = 5.$  Find the minimum value of
\[|z - 1 + 2i|^2 + |z - 9 - 4i|^2.\]","[""['**Solution:**\\nLet \\\\( z = x + yi \\\\) where \\\\( x, y \\\\in \\\\mathbb{R} \\\\). The condition \\\\( |z - 5 - i| = 5 \\\\) translates to the circle equation:\\n\\\\[\\n(x - 5)^2 + (y - 1)^2 = 25.\\n\\\\]\\nExpanding the target expression:\\n\\\\[\\n\\\\begin{align*}\\n&|z - 1 + 2i|^2 + |z - 9 - 4i|^2 \\\\\\\\\\n&= |(x - 1) + (y + 2)i|^2 + |(x - 9) + (y - 4)i|^2 \\\\\\\\\\n&= (x - 1)^2 + (y + 2)^2 + (x - 9)^2 + (y - 4)^2 \\\\\\\\\\n&= 2x^2 - 20x + 2y^2 - 4y + 102 \\\\\\\\\\n&= 2\\\\left[(x^2 - 10x + y^2 - 2y)\\\\right] + 102.\\n\\\\end{align*}\\n\\\\]\\nFrom the circle equation, \\\\( x^2 - 10x + y^2 - 2y = -1 \\\\). Substituting this gives:\\n\\\\[\\n2(-1) + 102 = 100.\\n\\\\]\\nGeometrically, the points \\\\( 1 - 2i \\\\) and \\\\( 9 + 4i \\\\) are diametrically opposite on the circle, making the expression constant. Thus, the minimum value is \\\\(\\\\boxed{100}\\\\).\\n']""]","Analysis: The problem is moderately complex. We need to find a way to simplify and solve for $z$.
        
        Initial Approach:
            * Let's start by squaring both sides of the equation, then expanding it out
                \[|z - 5 - i|^2 = (z-5-i)(\overline{z}-5+i) = z^2 + (-1)^2(25+1)-10i(z-\bar{i})=0.\]
            * We can simplify this to get $z^2 - 26z + 24$.
        
        Reflection: This is a quadratic equation, so we could use the Quadratic Formula. However, it's not obvious how to do that with complex numbers.","**Solution:**
Let \( z = x + yi \) where \( x, y \in \mathbb{R} \). The condition \( |z - 5 - i| = 5 \) translates to the circle equation:
\[
(x - 5)^2 + (y - 1)^2 = 25.
\]
Expanding the target expression:
\[
\begin{align*}
&|z - 1 + 2i|^2 + |z - 9 - 4i|^2 \\
&= |(x - 1) + (y + 2)i|^2 + |(x - 9) + (y - 4)i|^2 \\
&= (x - 1)^2 + (y + 2)^2 + (x - 9)^2 + (y - 4)^2 \\
&= 2x^2 - 20x + 2y^2 - 4y + 102 \\
&= 2\left[(x^2 - 10x + y^2 - 2y)\right] + 102.
\end{align*}
\]
From the circle equation, \( x^2 - 10x + y^2 - 2y = -1 \). Substituting this gives:
\[
2(-1) + 102 = 100.
\]
Geometrically, the points \( 1 - 2i \) and \( 9 + 4i \) are diametrically opposite on the circle, making the expression constant. Thus, the minimum value is \(\boxed{100}\).
",0.0,0.0,0.5218691074843602,0.9999999999
"Return your final response within \boxed{}. Given two real numbers $p>1$ and $q>1$ so that $\frac{1}{p} + \frac{1}{q} = 1$ and $pq = 4$, what is $q$?","[""['**Solution:**\\nGiven the equations \\\\(\\\\frac{1}{p} + \\\\frac{1}{q} = 1\\\\) and \\\\(pq = 4\\\\) with \\\\(p, q > 1\\\\):\\n\\n1. From \\\\(pq = 4\\\\), express \\\\(p\\\\) as \\\\(p = \\\\frac{4}{q}\\\\).\\n2. Substitute \\\\(p = \\\\frac{4}{q}\\\\) into \\\\(\\\\frac{1}{p} + \\\\frac{1}{q} = 1\\\\):\\n   \\\\[\\n   \\\\frac{1}{\\\\frac{4}{q}} + \\\\frac{1}{q} = \\\\frac{q}{4} + \\\\frac{1}{q} = 1.\\n   \\\\]\\n3. Multiply through by \\\\(4q\\\\) to eliminate denominators:\\n   \\\\[\\n   q^2 + 4 = 4q.\\n   \\\\]\\n4. Rearrange to form the quadratic equation:\\n   \\\\[\\n   q^2 - 4q + 4 = 0.\\n   \\\\]\\n5. Factor the quadratic:\\n   \\\\[\\n   (q - 2)^2 = 0 \\\\implies q = 2.\\n   \\\\]\\n6. Verify \\\\(q = 2\\\\) satisfies \\\\(p = \\\\frac{4}{2} = 2\\\\) and both original equations.\\n\\nThus, the value of \\\\(q\\\\) is \\\\(\\\\boxed{2}\\\\).\\n']""]","The problem can be solved by using the given equation to find q, then substituting it into another expression involving p.
        
        Analysis:
            - Given: $\frac{1}{p} + \frac{1}{q} = 1$
                * This means that $pq=4$ and $q=\frac{4}{p}$","**Solution:**
Given the equations \(\frac{1}{p} + \frac{1}{q} = 1\) and \(pq = 4\) with \(p, q > 1\):

1. From \(pq = 4\), express \(p\) as \(p = \frac{4}{q}\).
2. Substitute \(p = \frac{4}{q}\) into \(\frac{1}{p} + \frac{1}{q} = 1\):
   \[
   \frac{1}{\frac{4}{q}} + \frac{1}{q} = \frac{q}{4} + \frac{1}{q} = 1.
   \]
3. Multiply through by \(4q\) to eliminate denominators:
   \[
   q^2 + 4 = 4q.
   \]
4. Rearrange to form the quadratic equation:
   \[
   q^2 - 4q + 4 = 0.
   \]
5. Factor the quadratic:
   \[
   (q - 2)^2 = 0 \implies q = 2.
   \]
6. Verify \(q = 2\) satisfies \(p = \frac{4}{2} = 2\) and both original equations.

Thus, the value of \(q\) is \(\boxed{2}\).
",0.6,0.7847583355655572,0.5571712231946377,0.9999999999
"Return your final response within \boxed{}. In rectangle \(ABCD\), \(AD = a\), \(AB = b\), and \(b > a\). The rectangle is folded such that point \(A\) coincides with point \(C\), creating a fold line \(MN\), where \(M\) and \(N\) are on \(AB\) and \(CD\) respectively. When the rectangle is unfolded, the half-plane \(MND'A'\) and the half-plane \(MNBC\) form a dihedral angle of \(18^\circ\). What is the angle between line \(A'C\) and line \(MN\)?","['[""**Solution:**\\nWhen the rectangle is folded such that \\\\(A\\\\) coincides with \\\\(C\\\\), the crease \\\\(MN\\\\) is the perpendicular bisector of diagonal \\\\(AC\\\\). This ensures \\\\(MN \\\\perp AC\\\\) at their midpoint \\\\(O\\\\). After unfolding, \\\\(A\'\\\\) (the image of \\\\(A\\\\)) coincides with \\\\(C\\\\), making line \\\\(A\'C\\\\) equivalent to \\\\(AC\\\\). Since \\\\(MN\\\\) remains the perpendicular bisector, the angle between \\\\(A\'C\\\\) (or \\\\(AC\\\\)) and \\\\(MN\\\\) is inherently \\\\(90^\\\\circ\\\\). The dihedral angle of \\\\(18^\\\\circ\\\\) describes the spatial orientation of the planes but does not affect the perpendicular relationship between \\\\(MN\\\\) and \\\\(A\'C\\\\).\\n\\n\\\\[\\n\\\\boxed{90^\\\\circ}\\n\\\\]\\n""]']","**Analysis:** The goal is to find the angle between lines $AC$ and $MN$. We can use trigonometry to solve this problem.
        
        **Approach:**
            - First, we need to determine the length of side $AD'$ using Pythagorean theorem. Since $AB = b$, then $BD' = \sqrt{b^2-a^2}$.
            - Next, we can use trigonometry to find angle $\angle ACD$. We know that $\sin(\theta) = \frac{\text{opposite}}{\text{hypotenuse}}$ and since the hypotenuse is $BD'$, then $\cos(18^\circ)=\frac{a}{b}$.
            - Finally, we can use trigonometry again to find angle between lines $AC$ and $MN$. We know that $\sin(\theta) = \text{opposite}/\text{hypotenuse}=\sqrt{(BD')^2-(AD)^2}/(AB)$
        
        **Summary:** To solve this problem, we need to use Pythagorean theorem twice (once for finding the length of $AD'$ and once more for calculating $\angle ACD$) followed by trigonometry. The final answer is: $$\sin^{-1}\left(\frac{\sqrt{(b^2-a^2)^2-(a^2)}}{b}\right)=18^\circ$$","**Solution:**
When the rectangle is folded such that \(A\) coincides with \(C\), the crease \(MN\) is the perpendicular bisector of diagonal \(AC\). This ensures \(MN \perp AC\) at their midpoint \(O\). After unfolding, \(A'\) (the image of \(A\)) coincides with \(C\), making line \(A'C\) equivalent to \(AC\). Since \(MN\) remains the perpendicular bisector, the angle between \(A'C\) (or \(AC\)) and \(MN\) is inherently \(90^\circ\). The dihedral angle of \(18^\circ\) describes the spatial orientation of the planes but does not affect the perpendicular relationship between \(MN\) and \(A'C\).

\[
\boxed{90^\circ}
\]
",0.0,0.8479703410770392,0.6312275220816974,0.9999999999
"Generate an executable Python function generated from the given prompt. The function should take stdin as input and print the output. Simply call the function after the definition.Roy and Biv have a set of *n* points on the infinite number line.

Each point has one of 3 colors: red, green, or blue.

Roy and Biv would like to connect all the points with some edges. Edges can be drawn between any of the two of the given points. The cost of an edge is equal to the distance between the two points it connects.

They want to do this in such a way that they will both see that all the points are connected (either directly or indirectly).

However, there is a catch: Roy cannot see the color red and Biv cannot see the color blue.

Therefore, they have to choose the edges in such a way that if all the red points are removed, the remaining blue and green points are connected (and similarly, if all the blue points are removed, the remaining red and green points are connected).

Help them compute the minimum cost way to choose edges to satisfy the above constraints.
The first line will contain an integer *n* (1<=≤<=*n*<=≤<=300<=000), the number of points.

The next *n* lines will contain two tokens *p**i* and *c**i* (*p**i* is an integer, 1<=≤<=*p**i*<=≤<=109, *c**i* is a uppercase English letter 'R', 'G' or 'B'), denoting the position of the *i*-th point and the color of the *i*-th point. 'R' means red, 'G' denotes green, and 'B' means blue. The positions will be in strictly increasing order.
Print a single integer, the minimum cost way to solve the problem.
Sample Input
4
1 G
5 R
10 B
15 G
4
1 G
2 R
3 B
10 G

Sample Output
23
12

","['[""**Solution:**\\nTo solve the problem, we need to connect points while ensuring connectivity when either red or blue points are removed. The solution processes points in order, using green points as anchors to optimize connections:\\n\\n1. **Track Chains:** Maintain the last positions of red (with green) and blue (with green) points.\\n2. **Accumulate Gaps:** For each point, calculate the sum of gaps in both chains and track maximum gaps.\\n3. **Green Optimization:** When encountering a green point, compute the potential savings by replacing maximum gaps with a direct green-to-green connection.\\n4. **Handle Remaining Points:** After processing all points, add remaining gaps.\\n\\nThis approach ensures minimal cost while satisfying both connectivity constraints.\\n```python\\nn = int(input())\\n\\nresult = 0\\ntemp = 0\\n\\nmax_red_gap = 0\\nmax_blue_gap = 0\\n\\nlast_red = -1\\nlast_blue = -1\\nlast_green = -(1 << 60)\\n\\nfor _ in range(n):\\n    pos, color = input().split()\\n    pos = int(pos)\\n  \\n    if color in {\'R\', \'G\'}:\\n        if last_red != -1:\\n            gap = pos - last_red\\n            temp += gap\\n            max_red_gap = max(max_red_gap, gap)\\n        last_red = pos\\n  \\n    if color in {\'B\', \'G\'}:\\n        if last_blue != -1:\\n            gap = pos - last_blue\\n            temp += gap\\n            max_blue_gap = max(max_blue_gap, gap)\\n        last_blue = pos\\n  \\n    if color == \'G\':\\n        if last_green != -(1 << 60):\\n            save = (pos - last_green) - (max_red_gap + max_blue_gap)\\n            result += min(0, save)\\n        result += temp\\n        last_green = last_red = last_blue = pos\\n        temp = max_red_gap = max_blue_gap = 0\\n\\nresult += temp\\nprint(result)\\n```\\n""]']","and <answer>. Respond ONLY using the tags <think> and <answer>.

    <think>
        Assess the complexity of the problem and follow the corresponding framework:

        **If the problem is Simple:**
        - **Analysis:** [Core elements and goals]
        - **Approach:** [Direct solution methods]
        - **Summary:** [Concisely summarize key points]

        **If the problem is Moderately Complex:**
        - **Analysis:** [Key points and challenges]
        - **Initial Approach:** [Preliminary solutions]
        - **Reflection:** [Evaluate pros/cons]
        - **Improvement:** [Refine the solution]
        - **Summary:** [Final solution key points]

        **If the problem is Highly Complex:**
        - **Analysis:** [Break down structure]
        - **Problem Decomposition:** [Manageable sub-problems]
        - **Sub-problem Processing:** [Initial -> Reflection -> Improved for each]
        - **Integration:** [Combine solutions]
        - **Overall Reflection:** [Evaluate complete solution]
        - **Final Optimization:** [Final refinements]
        - **Summary:** [Comprehensive summary]","**Solution:**
To solve the problem, we need to connect points while ensuring connectivity when either red or blue points are removed. The solution processes points in order, using green points as anchors to optimize connections:

1. **Track Chains:** Maintain the last positions of red (with green) and blue (with green) points.
2. **Accumulate Gaps:** For each point, calculate the sum of gaps in both chains and track maximum gaps.
3. **Green Optimization:** When encountering a green point, compute the potential savings by replacing maximum gaps with a direct green-to-green connection.
4. **Handle Remaining Points:** After processing all points, add remaining gaps.

This approach ensures minimal cost while satisfying both connectivity constraints.
```python
n = int(input())

result = 0
temp = 0

max_red_gap = 0
max_blue_gap = 0

last_red = -1
last_blue = -1
last_green = -(1 << 60)

for _ in range(n):
    pos, color = input().split()
    pos = int(pos)
  
    if color in {'R', 'G'}:
        if last_red != -1:
            gap = pos - last_red
            temp += gap
            max_red_gap = max(max_red_gap, gap)
        last_red = pos
  
    if color in {'B', 'G'}:
        if last_blue != -1:
            gap = pos - last_blue
            temp += gap
            max_blue_gap = max(max_blue_gap, gap)
        last_blue = pos
  
    if color == 'G':
        if last_green != -(1 << 60):
            save = (pos - last_green) - (max_red_gap + max_blue_gap)
            result += min(0, save)
        result += temp
        last_green = last_red = last_blue = pos
        temp = max_red_gap = max_blue_gap = 0

result += temp
print(result)
```
",0.5555555555555556,0.0,0.7272398348444844,0.9999999999
"Return your final response within \boxed{}. Let \(a\) and \(b\) be distinct real numbers. If the quadratic function \(f(x) = x^2 + ax + b\) satisfies \(f(a) = f(b)\), find the value of \(f(2)\).","[""['**Solution:**\\nGiven \\\\( f(x) = x^2 + ax + b \\\\) and \\\\( f(a) = f(b) \\\\), compute \\\\( f(a) = a^2 + a \\\\cdot a + b = 2a^2 + b \\\\) and \\\\( f(b) = b^2 + ab + b \\\\). Setting these equal:\\n\\n\\\\[\\n2a^2 + b = b^2 + ab + b\\n\\\\]\\n\\nSubtract \\\\( b \\\\) from both sides:\\n\\n\\\\[\\n2a^2 = b^2 + ab\\n\\\\]\\n\\nRearrange and factor:\\n\\n\\\\[\\n2a^2 - ab - b^2 = 0 \\\\implies (2a + b)(a - b) = 0\\n\\\\]\\n\\nSince \\\\( a \\\\neq b \\\\), \\\\( 2a + b = 0 \\\\), giving \\\\( b = -2a \\\\). Substitute \\\\( b = -2a \\\\) into \\\\( f(x) \\\\):\\n\\n\\\\[\\nf(x) = x^2 + ax - 2a\\n\\\\]\\n\\nEvaluate \\\\( f(2) \\\\):\\n\\n\\\\[\\nf(2) = 2^2 + 2a - 2a = 4\\n\\\\]\\n\\nThus, the value of \\\\( f(2) \\\\) is \\\\(\\\\boxed{4}\\\\).\\n']""]","The problem is moderately complex, so I will follow a structured approach:
        
        **Analysis:** We are given that $a$ and $b$ are distinct real numbers. This means they can be any two different values on the number line.
        
        Since we have to find the value of \(f(2)\), let's first try plugging in 2 for x: 
        
            $$ f(x) = (x^2 + ax + b)
                \implies
                    f(2) = (2^2 + a*2 + b) $$
        
        Now, we are given that \(f(a)=f(b)\). Let's plug in the values of \(a\) and \(b\):
            
            $$ 
                f(a) = f(b)
                \implies
                    (a^2+a*a+b)=(b^2 + b*b + a)
                
                Simplifying, we get:
                    
                    3a^2 - ab + b^2 = 0
                
            $$
        
        This is a quadratic equation in \(ab\). Let's solve it using the formula: 
        
            $$ 
                x=\frac{-b \pm \sqrt{b^2-4ac}}{2a}
                
                Here, we have:
                    a=3
                    b=-1
                    c=b^2 = 9
                
                So,
                    
                    ab =\frac{(1) + or - \sqrt(25)}{6} 
                        = \frac{-5}{6}, 0.833333...
                
            $$
        
        Now, we can plug in the value of \(ab\) into our original equation to find the value of f(2):
            
                $$f(x)=x^2+ax+b
                    \implies
                        f(2) = (2)^2 + 3*(-5/6)+9 
                            = -1.166666...
            $$
        
        Thus, we have found that \(f(2)\) is equal to approximately -1.17.","**Solution:**
Given \( f(x) = x^2 + ax + b \) and \( f(a) = f(b) \), compute \( f(a) = a^2 + a \cdot a + b = 2a^2 + b \) and \( f(b) = b^2 + ab + b \). Setting these equal:

\[
2a^2 + b = b^2 + ab + b
\]

Subtract \( b \) from both sides:

\[
2a^2 = b^2 + ab
\]

Rearrange and factor:

\[
2a^2 - ab - b^2 = 0 \implies (2a + b)(a - b) = 0
\]

Since \( a \neq b \), \( 2a + b = 0 \), giving \( b = -2a \). Substitute \( b = -2a \) into \( f(x) \):

\[
f(x) = x^2 + ax - 2a
\]

Evaluate \( f(2) \):

\[
f(2) = 2^2 + 2a - 2a = 4
\]

Thus, the value of \( f(2) \) is \(\boxed{4}\).
",0.3,0.8172274955331762,0.44364885751711414,0.9999999999
"Return your final response within \boxed{}. Two years ago there were 20 trailer homes on Elm Street with an average age of 18 years. At that time, a group of brand new trailer homes was then added to Elm Street. Today, the average age of all the trailer homes on Elm Street is 14 years. How many new trailer homes were added two years ago?","[""['**Solution:**\\nTwo years ago, the 20 original trailer homes were 18 years old on average. Today, these trailers are \\\\( 18 + 2 = 20 \\\\) years old, with a total age of \\\\( 20 \\\\times 20 = 400 \\\\) years. Let \\\\( n \\\\) be the number of new trailer homes added, which are now 2 years old (total age \\\\( 2n \\\\)). \\n\\nThe total number of trailers today is \\\\( 20 + n \\\\), and the average age is 14 years. This gives the equation:\\n\\\\[\\n\\\\frac{400 + 2n}{20 + n} = 14\\n\\\\]\\nSolving:\\n\\\\[\\n400 + 2n = 14(20 + n) \\\\implies 400 + 2n = 280 + 14n \\\\implies 120 = 12n \\\\implies n = 10\\n\\\\]\\nThus, the number of new trailer homes added is \\\\(\\\\boxed{10}\\\\).\\n']""]","**Analysis:** The problem involves calculating how many new trailers were added based on their current number and ages.
        
        **Approach:**
            - Calculate the total age of all existing trailers (20 x 18 = 360)
            - Subtract this from the average trailer age today to get the additional years contributed by the newly-added homes
                - This is equal to 14-6=8, so each new home was added with an average age of 8.
            - Multiply this number by the total number of trailers (20) to find how many were added: 160

        **Summary:** The problem can be solved using basic arithmetic and algebraic reasoning. By calculating the additional years contributed by newly-added homes, we can determine their exact count.","**Solution:**
Two years ago, the 20 original trailer homes were 18 years old on average. Today, these trailers are \( 18 + 2 = 20 \) years old, with a total age of \( 20 \times 20 = 400 \) years. Let \( n \) be the number of new trailer homes added, which are now 2 years old (total age \( 2n \)). 

The total number of trailers today is \( 20 + n \), and the average age is 14 years. This gives the equation:
\[
\frac{400 + 2n}{20 + n} = 14
\]
Solving:
\[
400 + 2n = 14(20 + n) \implies 400 + 2n = 280 + 14n \implies 120 = 12n \implies n = 10
\]
Thus, the number of new trailer homes added is \(\boxed{10}\).
",0.3076923076923077,0.8284562168300273,0.6044911772958432,0.9999999999
